transaction_id,date,store_id,product_id,quantity,selling_price,discount_pct,promotion_flag,customer_id,payment_mode,hour,reason
T101401,2026-05-02,S01,P442,-3,34.0,0.0,0,C01874,UPI,10,Negative or zero quantity (Return)
T101834,2026-05-02,S02,P445,-1,39.0,0.0,0,C02112,UPI,14,Negative or zero quantity (Return)
T107676,2026-05-06,S02,P444,-3,53.0,0.0,0,C22194,UPI,21,Negative or zero quantity (Return)
T111052,2026-05-09,S01,P333,-1,19.0,0.0,0,C21009,Cash,19,Negative or zero quantity (Return)
T112559,2026-05-10,S01,P330,-4,48.0,0.0,0,C24659,Card,13,Negative or zero quantity (Return)
T113258,2026-05-10,S02,P205,-4,116.0,0.0,0,C14890,Card,19,Negative or zero quantity (Return)
T115642,2026-05-12,S02,P603,-1,136.0,20.0,1,C12978,UPI,14,Negative or zero quantity (Return)
T116887,2026-05-13,S02,P506,-1,39.0,0.0,0,C20144,,13,Negative or zero quantity (Return)
T119903,2026-05-15,S02,P442,-3,34.0,0.0,0,C18684,Card,19,Negative or zero quantity (Return)
T127347,2026-05-20,S03,P101,-4,58.0,0.0,0,C07854,UPI,16,Negative or zero quantity (Return)
T130487,2026-05-22,S06,P506,400,39.0,0.0,0,C04107,Card,21,Extreme quantity outlier (>100)
T130565,2026-05-23,S01,P601,-1,127.0,0.0,0,,UPI,12,Negative or zero quantity (Return)
T138916,2026-05-29,S01,P442,-4,34.0,0.0,0,C18266,Cash,14,Negative or zero quantity (Return)
T139366,2026-05-29,S02,P103,-2,47.6,15.0,1,C10544,Card,18,Negative or zero quantity (Return)
T140159,2026-05-30,S01,P502,-1,163.0,0.0,0,C02645,Card,12,Negative or zero quantity (Return)
T140894,2026-05-30,S02,P442,-5,27.2,20.0,1,C00990,UPI,20,Negative or zero quantity (Return)
T141002,2026-05-30,S03,P501,-1,66.0,0.0,0,C17891,UPI,12,Negative or zero quantity (Return)
T143089,2026-05-31,S06,P206,-2,37.0,0.0,0,C05536,Cash,12,Negative or zero quantity (Return)
T151191,2026-06-06,S06,P504,-2,116.0,0.0,0,C07541,Cash,10,Negative or zero quantity (Return)
T157312,2026-06-11,S02,P101,-3,58.0,0.0,0,C15832,UPI,21,Negative or zero quantity (Return)
T158536,2026-06-12,S02,P445,400,39.0,0.0,0,C12072,UPI,19,Extreme quantity outlier (>100)
T160728,2026-06-13,S06,P104,-1,87.0,0.0,0,C22200,UPI,19,Negative or zero quantity (Return)
T161070,2026-06-14,S02,P333,-2,19.0,0.0,0,C22957,UPI,10,Negative or zero quantity (Return)
T166337,2026-06-18,S02,P506,-4,39.0,0.0,0,C12946,UPI,9,Negative or zero quantity (Return)
T168131,2026-06-19,S03,P505,-3,252.0,0.0,0,C20211,UPI,19,Negative or zero quantity (Return)
T169279,2026-06-20,S02,P103,-1,56.0,0.0,0,C02716,UPI,19,Negative or zero quantity (Return)
T174242,2026-06-23,S05,P334,-5,121.0,0.0,0,C15376,UPI,20,Negative or zero quantity (Return)
T178576,2026-06-26,S06,P504,-4,87.0,25.0,1,C16289,Card,12,Negative or zero quantity (Return)
T179415,2026-06-27,S02,P206,-5,37.0,0.0,0,C18193,UPI,19,Negative or zero quantity (Return)
T179870,2026-06-27,S04,P505,-5,252.0,0.0,0,C02421,Card,21,Negative or zero quantity (Return)
T187533,2026-07-03,S02,P603,-2,153.0,10.0,1,C23683,Card,20,Negative or zero quantity (Return)
T195911,2026-07-09,S02,P331,-2,92.0,0.0,0,C01992,UPI,19,Negative or zero quantity (Return)
T201973,2026-07-13,S05,P332,-5,107.0,0.0,0,C09564,UPI,14,Negative or zero quantity (Return)
T203245,2026-07-14,S05,P702,-3,78.0,0.0,0,C18354,Cash,11,Negative or zero quantity (Return)
T206409,2026-07-17,S02,P104,-4,69.6,20.0,1,C01502,Cash,10,Negative or zero quantity (Return)
T212574,2026-07-21,S02,P333,-4,18.05,5.0,1,C14213,UPI,18,Negative or zero quantity (Return)
T212693,2026-07-21,S02,P101,-1,43.5,25.0,1,C17171,Cash,20,Negative or zero quantity (Return)
T213655,2026-07-22,S02,P502,400,155.0,0.0,0,C01294,Card,11,Extreme quantity outlier (>100)
T215425,2026-07-23,S03,P443,-2,19.0,0.0,0,C15946,Card,17,Negative or zero quantity (Return)
T218851,2026-07-26,S01,P604,-2,58.0,0.0,0,C13096,UPI,17,Negative or zero quantity (Return)
T221770,2026-07-28,S02,P506,-5,35.1,10.0,1,C24118,UPI,11,Negative or zero quantity (Return)
T227580,2026-08-01,S04,P333,400,19.0,0.0,0,,UPI,11,Extreme quantity outlier (>100)
T230451,2026-08-03,S02,P446,-3,13.3,5.0,1,C10552,UPI,11,Negative or zero quantity (Return)
T232092,2026-08-04,S02,P702,-1,78.0,0.0,0,C00988,UPI,13,Negative or zero quantity (Return)
T235946,2026-08-07,S02,P506,-1,39.0,0.0,0,C12360,Card,10,Negative or zero quantity (Return)
T249294,2026-08-16,S02,P330,400,48.0,0.0,0,C23740,UPI,12,Extreme quantity outlier (>100)
T257511,2026-08-21,S06,P446,-4,12.6,10.0,1,C01672,Cash,19,Negative or zero quantity (Return)
T257794,2026-08-22,S01,P332,400,107.0,0.0,0,C11690,UPI,21,Extreme quantity outlier (>100)
T262545,2026-08-25,S01,P102,-3,30.6,10.0,1,C15449,Card,13,Negative or zero quantity (Return)
T263367,2026-08-25,S02,P205,-4,104.4,10.0,1,C06977,Card,20,Negative or zero quantity (Return)
T267456,2026-08-27,S06,P505,-1,252.0,0.0,0,C04667,UPI,15,Negative or zero quantity (Return)
