as_of_date,store_id,product_id,forecast_next_7_day_demand,forecast_low,forecast_high,method,confidence
2026-08-31,S01,P102,172.08,130.78,232.31,xgboost_regressor,high
2026-08-31,S01,P103,50.82,38.62,68.61,xgboost_regressor,high
2026-08-31,S01,P104,67.96,51.65,91.75,xgboost_regressor,high
2026-08-31,S01,P105,33.39,25.38,45.08,xgboost_regressor,high
2026-08-31,S01,P205,57.74,46.77,72.75,xgboost_regressor,high
2026-08-31,S01,P206,121.88,98.72,153.57,xgboost_regressor,high
2026-08-31,S01,P207,91.09,73.78,114.77,xgboost_regressor,high
2026-08-31,S01,P208,49.6,40.18,62.5,xgboost_regressor,high
2026-08-31,S01,P330,215.05,174.19,253.76,xgboost_regressor,high
2026-08-31,S01,P331,132.61,107.41,156.48,xgboost_regressor,high
2026-08-31,S01,P332,102.79,83.26,121.29,xgboost_regressor,high
2026-08-31,S01,P333,273.71,221.71,322.98,xgboost_regressor,high
2026-08-31,S01,P334,55.4,44.87,65.37,xgboost_regressor,high
2026-08-31,S01,P335,163.28,114.3,220.43,fallback_sparse_history,low
2026-08-31,S01,P442,182.24,149.44,222.33,xgboost_regressor,high
2026-08-31,S01,P443,176.55,144.77,215.39,xgboost_regressor,high
2026-08-31,S01,P444,86.86,71.23,105.97,xgboost_regressor,high
2026-08-31,S01,P445,111.24,91.22,135.71,xgboost_regressor,high
2026-08-31,S01,P446,168.56,138.22,205.64,xgboost_regressor,high
2026-08-31,S01,P447,145.67,101.97,196.65,fallback_sparse_history,low
2026-08-31,S01,P501,150.64,125.03,183.78,xgboost_regressor,high
2026-08-31,S01,P502,106.93,88.75,130.45,xgboost_regressor,high
2026-08-31,S01,P503,114.35,94.91,139.51,xgboost_regressor,high
2026-08-31,S01,P504,71.85,59.64,87.66,xgboost_regressor,high
2026-08-31,S01,P505,81.75,67.85,99.73,xgboost_regressor,high
2026-08-31,S01,P506,255.98,212.46,312.3,xgboost_regressor,high
2026-08-31,S01,P601,79.29,65.02,98.32,xgboost_regressor,high
2026-08-31,S01,P602,64.07,52.54,79.45,xgboost_regressor,high
2026-08-31,S01,P603,42.45,34.81,52.64,xgboost_regressor,high
2026-08-31,S01,P604,44.58,36.56,55.28,xgboost_regressor,high
2026-08-31,S01,P701,94.0,71.44,122.2,xgboost_regressor,high
2026-08-31,S01,P702,45.35,34.47,58.96,xgboost_regressor,high
2026-08-31,S01,P703,38.21,29.04,49.67,xgboost_regressor,high
2026-08-31,S01,P705,67.54,47.28,91.18,fallback_sparse_history,low
2026-08-31,S02,P101,685.75,521.17,925.76,xgboost_regressor,high
2026-08-31,S02,P102,348.39,264.78,470.33,xgboost_regressor,high
2026-08-31,S02,P103,109.67,83.35,148.05,xgboost_regressor,high
2026-08-31,S02,P104,125.08,95.06,168.86,xgboost_regressor,high
2026-08-31,S02,P105,73.8,56.09,99.63,xgboost_regressor,high
2026-08-31,S02,P205,143.42,116.17,180.71,xgboost_regressor,high
2026-08-31,S02,P206,226.35,183.34,285.2,xgboost_regressor,high
2026-08-31,S02,P207,179.76,145.61,226.5,xgboost_regressor,high
2026-08-31,S02,P208,88.62,71.78,111.66,xgboost_regressor,high
2026-08-31,S02,P330,519.26,420.6,612.73,xgboost_regressor,high
2026-08-31,S02,P331,280.55,227.25,331.05,xgboost_regressor,high
2026-08-31,S02,P332,241.31,195.46,284.75,xgboost_regressor,high
2026-08-31,S02,P333,614.6,497.83,725.23,xgboost_regressor,high
2026-08-31,S02,P334,121.17,98.15,142.98,xgboost_regressor,high
2026-08-31,S02,P335,354.94,248.46,479.17,fallback_sparse_history,low
2026-08-31,S02,P442,431.41,353.76,526.32,xgboost_regressor,high
2026-08-31,S02,P443,383.95,314.84,468.42,xgboost_regressor,high
2026-08-31,S02,P444,218.94,179.53,267.11,xgboost_regressor,high
2026-08-31,S02,P445,272.47,223.43,332.41,xgboost_regressor,high
2026-08-31,S02,P446,384.49,315.28,469.08,xgboost_regressor,high
2026-08-31,S02,P447,360.56,252.39,486.76,fallback_sparse_history,low
2026-08-31,S02,P501,309.72,257.07,377.86,xgboost_regressor,high
2026-08-31,S02,P502,232.37,192.87,283.49,xgboost_regressor,high
2026-08-31,S02,P503,247.44,205.38,301.88,xgboost_regressor,high
2026-08-31,S02,P504,144.39,119.84,176.16,xgboost_regressor,high
2026-08-31,S02,P505,172.29,143.0,210.19,xgboost_regressor,high
2026-08-31,S02,P506,449.62,373.18,548.54,xgboost_regressor,high
2026-08-31,S02,P601,160.26,131.41,198.72,xgboost_regressor,high
2026-08-31,S02,P602,131.73,108.02,163.35,xgboost_regressor,high
2026-08-31,S02,P603,94.02,77.1,116.58,xgboost_regressor,high
2026-08-31,S02,P604,107.57,88.21,133.39,xgboost_regressor,high
2026-08-31,S02,P701,233.97,177.82,304.16,xgboost_regressor,high
2026-08-31,S02,P702,98.24,74.66,127.71,xgboost_regressor,high
2026-08-31,S02,P703,77.93,59.23,101.31,xgboost_regressor,high
2026-08-31,S02,P704,77.79,59.12,101.13,xgboost_regressor,high
2026-08-31,S02,P705,179.77,125.84,242.69,fallback_sparse_history,low
2026-08-31,S03,P101,181.22,137.73,244.65,xgboost_regressor,high
2026-08-31,S03,P103,27.32,20.76,36.88,xgboost_regressor,high
2026-08-31,S03,P104,33.96,25.81,45.85,xgboost_regressor,high
2026-08-31,S03,P105,19.17,14.57,25.88,xgboost_regressor,high
2026-08-31,S03,P205,35.89,29.07,45.22,xgboost_regressor,high
2026-08-31,S03,P206,64.21,52.01,80.9,xgboost_regressor,high
2026-08-31,S03,P207,46.23,37.45,58.25,xgboost_regressor,high
2026-08-31,S03,P208,22.52,18.24,28.38,xgboost_regressor,high
2026-08-31,S03,P330,129.63,105.0,152.96,xgboost_regressor,high
2026-08-31,S03,P331,74.89,60.66,88.37,xgboost_regressor,high
2026-08-31,S03,P333,148.47,120.26,175.19,xgboost_regressor,high
2026-08-31,S03,P334,26.1,21.14,30.8,xgboost_regressor,high
2026-08-31,S03,P335,88.44,61.91,119.39,fallback_sparse_history,low
2026-08-31,S03,P442,98.91,81.11,120.67,xgboost_regressor,high
2026-08-31,S03,P443,100.09,82.07,122.11,xgboost_regressor,high
2026-08-31,S03,P444,47.25,38.74,57.64,xgboost_regressor,high
2026-08-31,S03,P445,56.93,46.68,69.45,xgboost_regressor,high
2026-08-31,S03,P446,102.5,84.05,125.05,xgboost_regressor,high
2026-08-31,S03,P447,84.97,59.48,114.71,fallback_sparse_history,low
2026-08-31,S03,P501,74.42,61.77,90.79,xgboost_regressor,high
2026-08-31,S03,P502,62.81,52.13,76.63,xgboost_regressor,high
2026-08-31,S03,P504,35.59,29.54,43.42,xgboost_regressor,high
2026-08-31,S03,P505,48.29,40.08,58.91,xgboost_regressor,high
2026-08-31,S03,P506,123.77,102.73,151.0,xgboost_regressor,high
2026-08-31,S03,P601,38.11,31.25,47.26,xgboost_regressor,high
2026-08-31,S03,P602,35.78,29.34,44.37,xgboost_regressor,high
2026-08-31,S03,P603,22.83,18.72,28.31,xgboost_regressor,high
2026-08-31,S03,P604,26.23,21.51,32.53,xgboost_regressor,high
2026-08-31,S03,P701,48.83,37.11,63.48,xgboost_regressor,high
2026-08-31,S03,P702,24.6,18.7,31.98,xgboost_regressor,high
2026-08-31,S03,P703,21.26,16.16,27.64,xgboost_regressor,high
2026-08-31,S03,P704,21.84,16.6,28.39,xgboost_regressor,high
2026-08-31,S03,P705,51.68,36.18,69.77,fallback_sparse_history,low
2026-08-31,S04,P101,246.94,187.67,333.37,xgboost_regressor,high
2026-08-31,S04,P102,101.94,77.47,137.62,xgboost_regressor,high
2026-08-31,S04,P104,41.9,31.84,56.57,xgboost_regressor,high
2026-08-31,S04,P105,21.8,16.57,29.43,xgboost_regressor,high
2026-08-31,S04,P205,43.23,35.02,54.47,xgboost_regressor,high
2026-08-31,S04,P206,84.48,68.43,106.44,xgboost_regressor,high
2026-08-31,S04,P207,57.15,46.29,72.01,xgboost_regressor,high
2026-08-31,S04,P208,27.19,22.02,34.26,xgboost_regressor,high
2026-08-31,S04,P330,142.04,115.05,167.61,xgboost_regressor,high
2026-08-31,S04,P331,85.31,69.1,100.67,xgboost_regressor,high
2026-08-31,S04,P332,80.71,65.38,95.24,xgboost_regressor,high
2026-08-31,S04,P333,196.44,159.12,231.8,xgboost_regressor,high
2026-08-31,S04,P334,39.39,31.91,46.48,xgboost_regressor,high
2026-08-31,S04,P335,105.81,74.07,142.84,fallback_sparse_history,low
2026-08-31,S04,P442,132.69,108.81,161.88,xgboost_regressor,high
2026-08-31,S04,P443,125.75,103.11,153.41,xgboost_regressor,high
2026-08-31,S04,P446,112.16,91.97,136.84,xgboost_regressor,high
2026-08-31,S04,P447,102.45,71.72,138.31,fallback_sparse_history,low
2026-08-31,S04,P501,91.98,76.34,112.22,xgboost_regressor,high
2026-08-31,S04,P502,79.5,65.98,96.99,xgboost_regressor,high
2026-08-31,S04,P503,69.1,57.35,84.3,xgboost_regressor,high
2026-08-31,S04,P504,51.67,42.89,63.04,xgboost_regressor,high
2026-08-31,S04,P505,59.39,49.29,72.46,xgboost_regressor,high
2026-08-31,S04,P506,162.67,135.02,198.46,xgboost_regressor,high
2026-08-31,S04,P601,49.23,40.37,61.05,xgboost_regressor,high
2026-08-31,S04,P603,31.27,25.64,38.77,xgboost_regressor,high
2026-08-31,S04,P604,28.74,23.57,35.64,xgboost_regressor,high
2026-08-31,S04,P701,56.1,42.64,72.93,xgboost_regressor,high
2026-08-31,S04,P702,31.3,23.79,40.69,xgboost_regressor,high
2026-08-31,S04,P703,22.54,17.13,29.3,xgboost_regressor,high
2026-08-31,S04,P704,23.74,18.04,30.86,xgboost_regressor,high
2026-08-31,S04,P705,44.3,31.01,59.8,fallback_sparse_history,low
2026-08-31,S05,P101,274.58,208.68,370.68,xgboost_regressor,high
2026-08-31,S05,P102,131.15,99.67,177.05,xgboost_regressor,high
2026-08-31,S05,P103,41.81,31.78,56.44,xgboost_regressor,high
2026-08-31,S05,P104,51.97,39.5,70.16,xgboost_regressor,high
2026-08-31,S05,P105,26.91,20.45,36.33,xgboost_regressor,high
2026-08-31,S05,P205,58.28,47.21,73.43,xgboost_regressor,high
2026-08-31,S05,P206,93.16,75.46,117.38,xgboost_regressor,high
2026-08-31,S05,P207,66.46,53.83,83.74,xgboost_regressor,high
2026-08-31,S05,P208,32.08,25.98,40.42,xgboost_regressor,high
2026-08-31,S05,P330,204.35,165.52,241.13,xgboost_regressor,high
2026-08-31,S05,P331,100.02,81.02,118.02,xgboost_regressor,high
2026-08-31,S05,P332,82.41,66.75,97.24,xgboost_regressor,high
2026-08-31,S05,P333,254.03,205.76,299.76,xgboost_regressor,high
2026-08-31,S05,P334,43.63,35.34,51.48,xgboost_regressor,high
2026-08-31,S05,P335,134.4,94.08,181.44,fallback_sparse_history,low
2026-08-31,S05,P443,159.6,130.87,194.71,xgboost_regressor,high
2026-08-31,S05,P444,79.21,64.95,96.64,xgboost_regressor,high
2026-08-31,S05,P446,145.08,118.97,177.0,xgboost_regressor,high
2026-08-31,S05,P501,131.84,109.43,160.84,xgboost_regressor,high
2026-08-31,S05,P502,101.55,84.29,123.89,xgboost_regressor,high
2026-08-31,S05,P503,89.1,73.95,108.7,xgboost_regressor,high
2026-08-31,S05,P504,64.58,53.6,78.79,xgboost_regressor,high
2026-08-31,S05,P505,57.89,48.05,70.63,xgboost_regressor,high
2026-08-31,S05,P506,209.16,173.6,255.18,xgboost_regressor,high
2026-08-31,S05,P601,56.36,46.22,69.89,xgboost_regressor,high
2026-08-31,S05,P602,53.24,43.66,66.02,xgboost_regressor,high
2026-08-31,S05,P603,34.72,28.47,43.05,xgboost_regressor,high
2026-08-31,S05,P604,40.39,33.12,50.08,xgboost_regressor,high
2026-08-31,S05,P701,69.53,52.84,90.39,xgboost_regressor,high
2026-08-31,S05,P702,38.93,29.59,50.61,xgboost_regressor,high
2026-08-31,S05,P704,34.6,26.3,44.98,xgboost_regressor,high
2026-08-31,S05,P705,83.64,58.55,112.91,fallback_sparse_history,low
2026-08-31,S06,P101,181.1,137.64,244.49,xgboost_regressor,high
2026-08-31,S06,P102,87.16,66.24,117.67,xgboost_regressor,high
2026-08-31,S06,P103,33.08,25.14,44.66,xgboost_regressor,high
2026-08-31,S06,P104,26.48,20.12,35.75,xgboost_regressor,high
2026-08-31,S06,P105,18.9,14.36,25.52,xgboost_regressor,high
2026-08-31,S06,P205,38.21,30.95,48.14,xgboost_regressor,high
2026-08-31,S06,P206,62.71,50.8,79.01,xgboost_regressor,high
2026-08-31,S06,P207,38.17,30.92,48.09,xgboost_regressor,high
2026-08-31,S06,P208,23.23,18.82,29.27,xgboost_regressor,high
2026-08-31,S06,P332,52.0,42.12,61.36,xgboost_regressor,high
2026-08-31,S06,P333,141.28,114.44,166.71,xgboost_regressor,high
2026-08-31,S06,P334,25.78,20.88,30.42,xgboost_regressor,high
2026-08-31,S06,P442,100.47,82.39,122.57,xgboost_regressor,high
2026-08-31,S06,P443,115.07,94.36,140.39,xgboost_regressor,high
2026-08-31,S06,P444,48.89,40.09,59.65,xgboost_regressor,high
2026-08-31,S06,P445,65.43,53.65,79.82,xgboost_regressor,high
2026-08-31,S06,P446,88.4,72.49,107.85,xgboost_regressor,high
2026-08-31,S06,P447,80.58,56.41,108.78,fallback_sparse_history,low
2026-08-31,S06,P502,57.93,48.08,70.67,xgboost_regressor,high
2026-08-31,S06,P503,57.12,47.41,69.69,xgboost_regressor,high
2026-08-31,S06,P504,33.12,27.49,40.41,xgboost_regressor,high
2026-08-31,S06,P505,37.2,30.88,45.38,xgboost_regressor,high
2026-08-31,S06,P506,133.36,110.69,162.7,xgboost_regressor,high
2026-08-31,S06,P602,33.78,27.7,41.89,xgboost_regressor,high
2026-08-31,S06,P603,22.3,18.29,27.65,xgboost_regressor,high
2026-08-31,S06,P604,26.22,21.5,32.51,xgboost_regressor,high
2026-08-31,S06,P701,44.61,33.9,57.99,xgboost_regressor,high
2026-08-31,S06,P702,23.84,18.12,30.99,xgboost_regressor,high
2026-08-31,S06,P703,21.42,16.28,27.85,xgboost_regressor,high
2026-08-31,S06,P704,21.76,16.54,28.29,xgboost_regressor,high
2026-08-31,S06,P705,49.46,34.62,66.77,fallback_sparse_history,low
