store_id,store_label,city,product_id,product_label,category,sub_category,brand,current_stock,incoming_stock_est,lead_days,reorder_lvl,shelf_life_days,mrp,selling_price,forecast_7d_demand,forecast_lower_10,forecast_upper_90,safety_stock,recommended_stock,reorder_quantity,stockout_probability,risk_level,priority_score,revenue_at_risk,confidence,forecast_method,expiry_warning,top_reasons,manager_action
S02,Store S02 (Chennai),Chennai,P502,SunDrop Cooking Oil (P502),Groceries,Cooking Oil,SunDrop,0,99,3,105,270,165.0,116.25,232.4,192.9,283.5,28.9,261.3,162,0.5953,MEDIUM,18080.83,16080.85,high,xgboost_regressor,0,"Low Stock & Buffer Deficit (+38%), Product & Store Characteristics (+35%), Promotion & Pricing (+18%), Supplier Lead Time & Delivery (-9%)",WARNING: Review buffer; place order for 162 units within 48 hours.
S02,Store S02 (Chennai),Chennai,P505,HarvestGold Atta (P505),Groceries,Atta,HarvestGold,52,85,3,97,180,260.0,252.0,172.3,143.0,210.2,28.9,201.2,65,0.298,LOW,15108.56,12938.29,high,xgboost_regressor,0,"Product & Store Characteristics (+59%), Promotion & Pricing (-40%), Supplier Lead Time & Delivery (-33%), Upcoming Calendar & Events (+33%)",ROUTINE: Place scheduled replenishment order for 65 units.
S03,Store S03 (Madurai),Madurai,P505,HarvestGold Atta (P505),Groceries,Atta,HarvestGold,5,25,4,27,180,260.0,252.0,48.3,40.1,58.9,33.4,81.7,52,0.656,MEDIUM,13504.34,7982.92,high,xgboost_regressor,0,"Product & Store Characteristics (+57%), Low Stock & Buffer Deficit (+30%), Recent Sales Velocity (-15%), Upcoming Calendar & Events (+13%)",WARNING: Review buffer; place order for 52 units within 48 hours.
S02,Store S02 (Chennai),Chennai,P332,Tropi Juice (P332),Beverages,Juice,Tropi,74,102,3,107,150,110.0,107.0,241.3,195.5,284.8,35.6,276.9,101,0.4286,MEDIUM,12699.15,11066.52,high,xgboost_regressor,0,"Product & Store Characteristics (+86%), Supplier Lead Time & Delivery (+7%), Stock-Out History & Volatility (+7%), Promotion & Pricing (-7%)",WARNING: Review buffer; place order for 101 units within 48 hours.
S06,Store S06 (Tiruppur),Tiruppur,P505,HarvestGold Atta (P505),Groceries,Atta,HarvestGold,12,19,4,27,180,260.0,252.0,37.2,30.9,45.4,33.4,70.6,40,0.6416,MEDIUM,11414.83,6014.62,high,xgboost_regressor,0,"Product & Store Characteristics (+43%), Supplier Lead Time & Delivery (+24%), Low Stock & Buffer Deficit (+18%), Upcoming Calendar & Events (+9%)",WARNING: Review buffer; place order for 40 units within 48 hours.
S01,Store S01 (Coimbatore),Coimbatore,P502,SunDrop Cooking Oil (P502),Groceries,Cooking Oil,SunDrop,50,0,3,48,270,165.0,155.0,106.9,88.8,130.4,28.9,135.8,86,0.5378,MEDIUM,11322.65,8913.58,high,xgboost_regressor,0,"Product & Store Characteristics (+39%), Stock-Out History & Volatility (+24%), Upcoming Calendar & Events (+22%), Weather Conditions (+14%)",WARNING: Review buffer; place order for 86 units within 48 hours.
S01,Store S01 (Coimbatore),Coimbatore,P505,HarvestGold Atta (P505),Groceries,Atta,HarvestGold,36,31,3,36,180,260.0,252.0,81.8,67.8,99.7,28.9,110.7,44,0.3652,LOW,10183.16,7523.49,high,xgboost_regressor,0,"Promotion & Pricing (-75%), Product & Store Characteristics (+49%), Stock-Out History & Volatility (+19%), Upcoming Calendar & Events (+17%)",ROUTINE: Place scheduled replenishment order for 44 units.
S02,Store S02 (Chennai),Chennai,P330,FizzUp Soft Drink (P330),Beverages,Soft Drink,FizzUp,148,244,3,272,180,50.0,48.0,519.3,420.6,612.7,35.6,554.9,163,0.3638,LOW,9689.19,9067.53,high,xgboost_regressor,0,"Product & Store Characteristics (+76%), Recent Sales Velocity (-43%), Upcoming Calendar & Events (+9%), Weather Conditions (+9%)",ROUTINE: Place scheduled replenishment order for 163 units.
S03,Store S03 (Madurai),Madurai,P502,SunDrop Cooking Oil (P502),Groceries,Cooking Oil,SunDrop,21,28,4,37,270,165.0,155.0,62.8,52.1,76.6,33.4,96.2,47,0.6314,MEDIUM,9415.78,6147.03,high,xgboost_regressor,0,"Product & Store Characteristics (+59%), Stock-Out History & Volatility (+18%), Upcoming Calendar & Events (+15%), Low Stock & Buffer Deficit (+7%)",WARNING: Review buffer; place order for 47 units within 48 hours.
S02,Store S02 (Chennai),Chennai,P331,FizzUp Soft Drink (P331),Beverages,Soft Drink,FizzUp,81,128,3,133,180,95.0,92.0,280.6,227.2,331.1,35.6,316.2,108,0.3149,LOW,9159.12,8127.76,high,xgboost_regressor,0,"Product & Store Characteristics (+53%), Upcoming Calendar & Events (+25%), Supplier Lead Time & Delivery (-23%), Recent Sales Velocity (+13%)",ROUTINE: Place scheduled replenishment order for 108 units.
S02,Store S02 (Chennai),Chennai,P101,Aavin Milk (P101),Dairy,Milk,Aavin,56,211,1,231,3,60.0,58.0,685.8,521.2,925.8,20.6,293.9,27,0.2145,LOW,8787.7,8531.42,high,xgboost_regressor,0,"Supplier Lead Time & Delivery (-100%), Low Stock & Buffer Deficit (+83%), Upcoming Calendar & Events (-25%), Promotion & Pricing (-23%)",ROUTINE: Place scheduled replenishment order for 27 units.
S01,Store S01 (Coimbatore),Coimbatore,P332,Tropi Juice (P332),Beverages,Juice,Tropi,25,44,3,49,150,110.0,107.0,102.8,83.3,121.3,35.6,138.4,70,0.5373,MEDIUM,7956.19,5909.51,high,xgboost_regressor,0,"Product & Store Characteristics (+57%), Promotion & Pricing (-26%), Low Stock & Buffer Deficit (+21%), Stock-Out History & Volatility (+11%)",WARNING: Review buffer; place order for 70 units within 48 hours.
S02,Store S02 (Chennai),Chennai,P601,SparkleWash Detergent (P601),Household,Detergent,SparkleWash,9,68,4,92,730,130.0,121.0,160.3,131.4,198.7,11.5,171.8,95,0.354,LOW,7357.17,6864.58,high,xgboost_regressor,0,"Promotion & Pricing (-99%), Low Stock & Buffer Deficit (+96%), Supplier Lead Time & Delivery (-56%), Recent Sales Velocity (-21%)",ROUTINE: Place scheduled replenishment order for 95 units.
S02,Store S02 (Chennai),Chennai,P704,ArcticJoy Ice Cream (P704),Frozen,Ice Cream,ArcticJoy,37,0,2,30,180,260.0,252.0,77.8,59.1,101.1,9.3,87.1,51,0.329,LOW,7220.46,6449.41,high,xgboost_regressor,0,"Low Stock & Buffer Deficit (-54%), Stock-Out History & Volatility (+30%), Product & Store Characteristics (+26%), Upcoming Calendar & Events (+24%)",ROUTINE: Place scheduled replenishment order for 51 units.
S05,Store S05 (Tiruchirappalli),Tiruchirappalli,P502,SunDrop Cooking Oil (P502),Groceries,Cooking Oil,SunDrop,48,0,3,46,270,165.0,139.5,101.5,84.3,123.9,28.9,130.4,83,0.3966,LOW,7217.24,5618.32,high,xgboost_regressor,0,"Product & Store Characteristics (+82%), Low Stock & Buffer Deficit (-58%), Upcoming Calendar & Events (+14%), Promotion & Pricing (-13%)",ROUTINE: Place scheduled replenishment order for 83 units.
S01,Store S01 (Coimbatore),Coimbatore,P330,FizzUp Soft Drink (P330),Beverages,Soft Drink,FizzUp,31,92,3,90,180,50.0,48.0,215.1,174.2,253.8,35.6,250.7,128,0.5856,MEDIUM,7045.47,6044.8,high,xgboost_regressor,0,"Product & Store Characteristics (+54%), Low Stock & Buffer Deficit (+23%), Upcoming Calendar & Events (+14%), Recent Sales Velocity (-11%)",WARNING: Review buffer; place order for 128 units within 48 hours.
S02,Store S02 (Chennai),Chennai,P442,Crispo Biscuits (P442),Snacks,Biscuits,Crispo,22,208,3,204,240,35.0,34.0,431.4,353.8,526.3,29.1,460.5,231,0.4378,MEDIUM,6854.78,6421.62,high,xgboost_regressor,0,"Product & Store Characteristics (+29%), Low Stock & Buffer Deficit (+26%), Upcoming Calendar & Events (+18%), Stock-Out History & Volatility (+17%)",WARNING: Review buffer; place order for 231 units within 48 hours.
S02,Store S02 (Chennai),Chennai,P335,FizzUp Soft Drink (P335),Beverages,Soft Drink,FizzUp,57,0,3,131,180,55.0,53.0,354.9,248.5,479.2,35.6,390.5,334,0.3299,LOW,6828.47,6206.02,low,fallback_sparse_history,0,"Recent Sales Velocity (-51%), Product & Store Characteristics (+50%), Upcoming Calendar & Events (+33%), Stock-Out History & Volatility (-14%)",ROUTINE: Place scheduled replenishment order for 334 units.
S05,Store S05 (Tiruchirappalli),Tiruchirappalli,P505,HarvestGold Atta (P505),Groceries,Atta,HarvestGold,32,30,3,35,180,260.0,252.0,57.9,48.0,70.6,28.9,86.8,25,0.3102,LOW,6784.41,4525.28,high,xgboost_regressor,0,"Product & Store Characteristics (+65%), Low Stock & Buffer Deficit (-36%), Upcoming Calendar & Events (+31%), Stock-Out History & Volatility (-10%)",ROUTINE: Place scheduled replenishment order for 25 units.
S02,Store S02 (Chennai),Chennai,P703,CrunchyBite Frozen Snacks (P703),Frozen,Frozen Snacks,CrunchyBite,0,31,2,27,150,220.0,220.0,77.9,59.2,101.3,9.3,87.2,56,0.3458,LOW,6636.11,5928.6,high,xgboost_regressor,0,"Supplier Lead Time & Delivery (-38%), Low Stock & Buffer Deficit (+38%), Promotion & Pricing (-36%), Stock-Out History & Volatility (+33%)",ROUTINE: Place scheduled replenishment order for 56 units.
S06,Store S06 (Tiruppur),Tiruppur,P704,ArcticJoy Ice Cream (P704),Frozen,Ice Cream,ArcticJoy,1,7,3,8,180,260.0,252.0,21.8,16.5,28.3,11.4,33.2,26,0.781,HIGH,6526.29,4282.63,high,xgboost_regressor,0,"Product & Store Characteristics (+48%), Supplier Lead Time & Delivery (+22%), Low Stock & Buffer Deficit (+12%), Upcoming Calendar & Events (+10%)",CRITICAL: Raise replenishment order TODAY for 26 units (3d lead time).
S03,Store S03 (Madurai),Madurai,P704,ArcticJoy Ice Cream (P704),Frozen,Ice Cream,ArcticJoy,11,0,3,10,180,260.0,252.0,21.8,16.6,28.4,11.4,33.2,23,0.7759,HIGH,6499.31,4270.31,high,xgboost_regressor,0,"Product & Store Characteristics (+48%), Supplier Lead Time & Delivery (+21%), Recent Sales Velocity (+19%), Stock-Out History & Volatility (+5%)",CRITICAL: Raise replenishment order TODAY for 23 units (3d lead time).
S06,Store S06 (Tiruppur),Tiruppur,P332,Tropi Juice (P332),Beverages,Juice,Tropi,6,24,4,31,150,110.0,107.0,52.0,42.1,61.4,41.1,93.1,64,0.644,MEDIUM,6415.33,3583.22,high,xgboost_regressor,0,"Product & Store Characteristics (+63%), Low Stock & Buffer Deficit (+24%), Stock-Out History & Volatility (-6%), Upcoming Calendar & Events (+6%)",WARNING: Review buffer; place order for 64 units within 48 hours.
S06,Store S06 (Tiruppur),Tiruppur,P502,SunDrop Cooking Oil (P502),Groceries,Cooking Oil,SunDrop,32,27,4,35,270,165.0,155.0,57.9,48.1,70.7,33.4,91.3,33,0.4469,MEDIUM,6326.38,4012.78,high,xgboost_regressor,0,"Product & Store Characteristics (+55%), Upcoming Calendar & Events (+24%), Supplier Lead Time & Delivery (+12%), Low Stock & Buffer Deficit (-10%)",WARNING: Review buffer; place order for 33 units within 48 hours.
S03,Store S03 (Madurai),Madurai,P331,FizzUp Soft Drink (P331),Beverages,Soft Drink,FizzUp,14,30,4,43,180,95.0,92.0,74.9,60.7,88.4,41.1,116.0,72,0.5826,MEDIUM,6216.97,4014.04,high,xgboost_regressor,0,"Product & Store Characteristics (+60%), Low Stock & Buffer Deficit (+25%), Upcoming Calendar & Events (+7%), Recent Sales Velocity (+4%)",WARNING: Review buffer; place order for 72 units within 48 hours.
S02,Store S02 (Chennai),Chennai,P501,GoldGrain Rice (P501),Groceries,Rice,GoldGrain,76,133,3,147,365,68.0,56.1,309.7,257.1,377.9,28.9,338.6,130,0.3269,LOW,6209.98,5679.98,high,xgboost_regressor,0,"Supplier Lead Time & Delivery (-46%), Recent Sales Velocity (-16%), Low Stock & Buffer Deficit (+15%)",ROUTINE: Place scheduled replenishment order for 130 units.
S01,Store S01 (Coimbatore),Coimbatore,P208,GlowCare Face Wash (P208),Personal Care,Face Wash,GlowCare,3,17,4,23,730,149.0,145.0,49.6,40.2,62.5,16.0,65.6,46,0.6339,MEDIUM,6029.66,4559.01,high,xgboost_regressor,0,"Product & Store Characteristics (+41%), Low Stock & Buffer Deficit (+30%), Supplier Lead Time & Delivery (+13%), Upcoming Calendar & Events (+10%)",WARNING: Review buffer; place order for 46 units within 48 hours.
S02,Store S02 (Chennai),Chennai,P208,GlowCare Face Wash (P208),Personal Care,Face Wash,GlowCare,20,42,4,56,730,149.0,145.0,88.6,71.8,111.7,16.0,104.6,43,0.3933,LOW,5966.32,5053.87,high,xgboost_regressor,0,"Product & Store Characteristics (+37%), Upcoming Calendar & Events (+24%), Stock-Out History & Volatility (+17%), Low Stock & Buffer Deficit (+6%)",ROUTINE: Place scheduled replenishment order for 43 units.
S01,Store S01 (Coimbatore),Coimbatore,P331,FizzUp Soft Drink (P331),Beverages,Soft Drink,FizzUp,23,55,3,61,180,95.0,92.0,132.6,107.4,156.5,35.6,168.2,91,0.3687,LOW,5705.75,4498.18,high,xgboost_regressor,0,"Product & Store Characteristics (+27%), Stock-Out History & Volatility (+19%), Low Stock & Buffer Deficit (+19%), Upcoming Calendar & Events (+16%)",ROUTINE: Place scheduled replenishment order for 91 units.
S03,Store S03 (Madurai),Madurai,P101,Aavin Milk (P101),Dairy,Milk,Aavin,14,43,2,66,3,60.0,58.0,181.2,137.7,244.7,29.2,77.7,21,0.4395,MEDIUM,5363.82,4619.48,high,xgboost_regressor,0,"Low Stock & Buffer Deficit (+47%), Product & Store Characteristics (+23%), Supplier Lead Time & Delivery (-18%), Upcoming Calendar & Events (+17%)",WARNING: Review buffer; place order for 21 units within 48 hours.
S01,Store S01 (Coimbatore),Coimbatore,P335,FizzUp Soft Drink (P335),Beverages,Soft Drink,FizzUp,0,0,3,46,180,55.0,53.0,163.3,114.3,220.4,35.6,198.9,199,0.5037,MEDIUM,5309.32,4358.94,low,fallback_sparse_history,0,"Low Stock & Buffer Deficit (+38%), Promotion & Pricing (-37%), Product & Store Characteristics (+33%), Supplier Lead Time & Delivery (+11%)",WARNING: Review buffer; place order for 199 units within 48 hours.
S02,Store S02 (Chennai),Chennai,P504,ChaiKing Tea (P504),Groceries,Tea,ChaiKing,42,63,3,76,365,120.0,116.0,144.4,119.8,176.2,28.9,173.3,68,0.2631,LOW,5288.74,4406.73,high,xgboost_regressor,0,"Promotion & Pricing (-84%), Stock-Out History & Volatility (+41%), Supplier Lead Time & Delivery (-22%), Upcoming Calendar & Events (-22%)",ROUTINE: Place scheduled replenishment order for 68 units.
S02,Store S02 (Chennai),Chennai,P334,ZapUp Energy Drink (P334),Beverages,Energy Drink,ZapUp,41,54,2,42,180,125.0,121.0,121.2,98.2,143.0,29.0,150.2,55,0.2904,LOW,5276.73,4257.72,high,xgboost_regressor,0,"Product & Store Characteristics (+58%), Supplier Lead Time & Delivery (-46%), Upcoming Calendar & Events (+27%), Low Stock & Buffer Deficit (-16%)",ROUTINE: Place scheduled replenishment order for 55 units.
S01,Store S01 (Coimbatore),Coimbatore,P601,SparkleWash Detergent (P601),Household,Detergent,SparkleWash,8,37,4,51,730,130.0,121.0,79.3,65.0,98.3,11.5,90.8,46,0.4731,MEDIUM,5197.28,4538.96,high,xgboost_regressor,0,"Promotion & Pricing (-31%), Product & Store Characteristics (+30%), Low Stock & Buffer Deficit (+29%), Upcoming Calendar & Events (+22%)",WARNING: Review buffer; place order for 46 units within 48 hours.
S01,Store S01 (Coimbatore),Coimbatore,P501,GoldGrain Rice (P501),Groceries,Rice,GoldGrain,28,55,3,57,365,68.0,56.1,150.6,125.0,183.8,28.9,179.5,97,0.5144,MEDIUM,5181.14,4347.15,high,xgboost_regressor,0,"Product & Store Characteristics (+39%), Low Stock & Buffer Deficit (+23%), Weather Conditions (+19%), Stock-Out History & Volatility (+16%)",WARNING: Review buffer; place order for 97 units within 48 hours.
S05,Store S05 (Tiruchirappalli),Tiruchirappalli,P330,FizzUp Soft Drink (P330),Beverages,Soft Drink,FizzUp,38,80,3,87,180,50.0,48.0,204.3,165.5,241.1,35.6,239.9,122,0.4494,MEDIUM,5176.01,4408.07,high,xgboost_regressor,0,"Product & Store Characteristics (+56%), Promotion & Pricing (-25%), Upcoming Calendar & Events (+24%), Low Stock & Buffer Deficit (+19%)",WARNING: Review buffer; place order for 122 units within 48 hours.
S05,Store S05 (Tiruchirappalli),Tiruchirappalli,P332,Tropi Juice (P332),Beverages,Juice,Tropi,46,0,3,43,150,110.0,107.0,82.4,66.8,97.2,35.6,118.0,72,0.4093,MEDIUM,5168.26,3609.15,high,xgboost_regressor,0,"Product & Store Characteristics (+51%), Upcoming Calendar & Events (+25%), Recent Sales Velocity (+10%), Supplier Lead Time & Delivery (+9%)",WARNING: Review buffer; place order for 72 units within 48 hours.
S01,Store S01 (Coimbatore),Coimbatore,P207,SmileMax Toothpaste (P207),Personal Care,Toothpaste,SmileMax,0,41,4,53,730,95.0,73.6,91.1,73.8,114.8,16.0,107.1,67,0.6543,MEDIUM,5157.08,4386.57,high,xgboost_regressor,0,"Low Stock & Buffer Deficit (+33%), Product & Store Characteristics (+23%), Promotion & Pricing (+13%), Weather Conditions (+11%)",WARNING: Review buffer; place order for 67 units within 48 hours.
S01,Store S01 (Coimbatore),Coimbatore,P503,Unknown Sugar (P503),Groceries,Sugar,Unknown,3,42,3,45,540,48.0,47.0,114.3,94.9,139.5,28.9,143.2,98,0.7621,HIGH,5131.03,4095.87,high,xgboost_regressor,0,"Product & Store Characteristics (+52%), Low Stock & Buffer Deficit (+21%), Upcoming Calendar & Events (+13%), Weather Conditions (+7%)",CRITICAL: Raise replenishment order TODAY for 98 units (3d lead time).
S02,Store S02 (Chennai),Chennai,P602,CleanPro Dishwash (P602),Household,Dishwash,CleanPro,20,63,4,81,730,99.0,96.0,131.7,108.0,163.3,11.5,143.2,61,0.3645,LOW,5011.9,4609.5,high,xgboost_regressor,0,"Stock-Out History & Volatility (+49%), Low Stock & Buffer Deficit (+35%), Promotion & Pricing (-22%), Product & Store Characteristics (+13%)",ROUTINE: Place scheduled replenishment order for 61 units.
S05,Store S05 (Tiruchirappalli),Tiruchirappalli,P504,ChaiKing Tea (P504),Groceries,Tea,ChaiKing,0,28,3,32,365,120.0,92.8,64.6,53.6,78.8,28.9,93.5,66,0.5727,MEDIUM,4968.14,3432.2,high,xgboost_regressor,0,"Product & Store Characteristics (+28%), Low Stock & Buffer Deficit (+26%), Recent Sales Velocity (+23%), Promotion & Pricing (+17%)",WARNING: Review buffer; place order for 66 units within 48 hours.
S03,Store S03 (Madurai),Madurai,P335,FizzUp Soft Drink (P335),Beverages,Soft Drink,FizzUp,8,0,4,31,180,55.0,53.0,88.4,61.9,119.4,41.1,129.5,122,0.6852,MEDIUM,4704.32,3211.75,low,fallback_sparse_history,0,"Low Stock & Buffer Deficit (+34%), Product & Store Characteristics (+33%), Supplier Lead Time & Delivery (+24%), Upcoming Calendar & Events (+9%)",WARNING: Review buffer; place order for 122 units within 48 hours.
S02,Store S02 (Chennai),Chennai,P205,GlowCare Shampoo (P205),Personal Care,Shampoo,GlowCare,36,75,4,102,730,120.0,116.0,143.4,116.2,180.7,16.0,159.4,49,0.2527,LOW,4673.11,4204.1,high,xgboost_regressor,0,"Supplier Lead Time & Delivery (-0%), Stock-Out History & Volatility (-0%), Product & Store Characteristics (-0%), Low Stock & Buffer Deficit (-0%)",ROUTINE: Place scheduled replenishment order for 49 units.
S02,Store S02 (Chennai),Chennai,P603,ShinyFloor Floor Cleaner (P603),Household,Floor Cleaner,ShinyFloor,53,49,4,63,730,175.0,170.0,94.0,77.1,116.6,11.5,105.5,4,0.2602,LOW,4667.57,4158.88,high,xgboost_regressor,0,"Low Stock & Buffer Deficit (-69%), Supplier Lead Time & Delivery (-45%), Upcoming Calendar & Events (+18%)",ROUTINE: Place scheduled replenishment order for 4 units.
S01,Store S01 (Coimbatore),Coimbatore,P504,ChaiKing Tea (P504),Groceries,Tea,ChaiKing,30,36,3,33,365,120.0,116.0,71.8,59.6,87.7,28.9,100.8,35,0.3885,LOW,4540.4,3237.99,high,xgboost_regressor,0,"Product & Store Characteristics (+43%), Upcoming Calendar & Events (+23%), Stock-Out History & Volatility (+16%), Weather Conditions (+16%)",ROUTINE: Place scheduled replenishment order for 35 units.
S05,Store S05 (Tiruchirappalli),Tiruchirappalli,P704,ArcticJoy Ice Cream (P704),Frozen,Ice Cream,ArcticJoy,8,13,2,11,180,260.0,239.4,34.6,26.3,45.0,9.3,43.9,23,0.4207,MEDIUM,4421.41,3484.76,high,xgboost_regressor,0,"Product & Store Characteristics (+30%), Supplier Lead Time & Delivery (+29%), Low Stock & Buffer Deficit (+21%), Recent Sales Velocity (+11%)",WARNING: Review buffer; place order for 23 units within 48 hours.
S02,Store S02 (Chennai),Chennai,P207,SmileMax Toothpaste (P207),Personal Care,Toothpaste,SmileMax,99,94,4,121,730,95.0,92.0,179.8,145.6,226.5,16.0,195.8,3,0.2406,LOW,4333.19,3979.02,high,xgboost_regressor,0,"Supplier Lead Time & Delivery (-100%), Promotion & Pricing (-80%), Stock-Out History & Volatility (+80%), Recent Sales Velocity (-57%)",ROUTINE: Place scheduled replenishment order for 3 units.
S05,Store S05 (Tiruchirappalli),Tiruchirappalli,P335,FizzUp Soft Drink (P335),Beverages,Soft Drink,FizzUp,13,0,3,44,180,55.0,53.0,134.4,94.1,181.4,35.6,170.0,157,0.4642,MEDIUM,4182.44,3306.59,low,fallback_sparse_history,0,"Product & Store Characteristics (+37%), Low Stock & Buffer Deficit (+27%), Supplier Lead Time & Delivery (+25%), Weather Conditions (-22%)",WARNING: Review buffer; place order for 157 units within 48 hours.
S04,Store S04 (Salem),Salem,P332,Tropi Juice (P332),Beverages,Juice,Tropi,26,41,3,42,150,110.0,107.0,80.7,65.4,95.2,35.6,116.3,50,0.3355,LOW,4175.35,2897.37,high,xgboost_regressor,0,"Product & Store Characteristics (+45%), Upcoming Calendar & Events (+17%), Supplier Lead Time & Delivery (+10%), Recent Sales Velocity (+10%)",ROUTINE: Place scheduled replenishment order for 50 units.
S04,Store S04 (Salem),Salem,P502,SunDrop Cooking Oil (P502),Groceries,Cooking Oil,SunDrop,30,38,3,41,270,165.0,155.0,79.5,66.0,97.0,28.9,108.4,41,0.2478,LOW,4163.54,3053.52,high,xgboost_regressor,0,"Product & Store Characteristics (-52%), Upcoming Calendar & Events (+39%), Promotion & Pricing (-37%)",ROUTINE: Place scheduled replenishment order for 41 units.
S03,Store S03 (Madurai),Madurai,P330,FizzUp Soft Drink (P330),Beverages,Soft Drink,FizzUp,40,60,4,82,180,50.0,48.0,129.6,105.0,153.0,41.1,170.7,71,0.4959,MEDIUM,4063.92,3085.61,high,xgboost_regressor,0,"Product & Store Characteristics (+70%), Upcoming Calendar & Events (+21%), Low Stock & Buffer Deficit (+9%), Promotion & Pricing (-8%)",WARNING: Review buffer; place order for 71 units within 48 hours.
S03,Store S03 (Madurai),Madurai,P601,SparkleWash Detergent (P601),Household,Detergent,SparkleWash,7,19,5,29,730,130.0,108.9,38.1,31.2,47.3,12.9,51.0,25,0.7291,HIGH,4050.14,3025.9,high,xgboost_regressor,0,"Product & Store Characteristics (+44%), Supplier Lead Time & Delivery (+27%), Low Stock & Buffer Deficit (+21%), Stock-Out History & Volatility (-6%)",CRITICAL: Raise replenishment order TODAY for 25 units (5d lead time).
S01,Store S01 (Coimbatore),Coimbatore,P603,ShinyFloor Floor Cleaner (P603),Household,Floor Cleaner,ShinyFloor,11,17,4,26,730,175.0,170.0,42.5,34.8,52.6,11.5,54.0,26,0.4389,MEDIUM,4025.37,3167.32,high,xgboost_regressor,0,"Supplier Lead Time & Delivery (+34%), Product & Store Characteristics (+29%), Low Stock & Buffer Deficit (+20%), Upcoming Calendar & Events (+12%)",WARNING: Review buffer; place order for 26 units within 48 hours.
S03,Store S03 (Madurai),Madurai,P334,ZapUp Energy Drink (P334),Beverages,Energy Drink,ZapUp,7,11,3,13,180,125.0,121.0,26.1,21.1,30.8,35.6,61.7,44,0.5388,MEDIUM,4022.52,1701.58,high,xgboost_regressor,0,"Product & Store Characteristics (+38%), Supplier Lead Time & Delivery (+32%), Low Stock & Buffer Deficit (+16%), Upcoming Calendar & Events (+14%)",WARNING: Review buffer; place order for 44 units within 48 hours.
S04,Store S04 (Salem),Salem,P505,HarvestGold Atta (P505),Groceries,Atta,HarvestGold,24,34,3,33,180,260.0,252.0,59.4,49.3,72.5,28.9,88.3,31,0.1728,LOW,3844.64,2586.17,high,xgboost_regressor,0,"Promotion & Pricing (-100%), Low Stock & Buffer Deficit (-26%), Upcoming Calendar & Events (+12%), Stock-Out History & Volatility (+11%)",ROUTINE: Place scheduled replenishment order for 31 units.
S05,Store S05 (Tiruchirappalli),Tiruchirappalli,P331,FizzUp Soft Drink (P331),Beverages,Soft Drink,FizzUp,19,49,3,49,180,95.0,92.0,100.0,81.0,118.0,35.6,135.6,68,0.3034,LOW,3785.53,2791.84,high,xgboost_regressor,0,"Supplier Lead Time & Delivery (-100%), Product & Store Characteristics (+65%), Weather Conditions (-63%), Promotion & Pricing (-54%)",ROUTINE: Place scheduled replenishment order for 68 units.
S03,Store S03 (Madurai),Madurai,P205,GlowCare Shampoo (P205),Personal Care,Shampoo,GlowCare,15,17,5,28,730,120.0,116.0,35.9,29.1,45.2,17.9,53.8,22,0.6024,MEDIUM,3758.76,2507.94,high,xgboost_regressor,0,"Product & Store Characteristics (+32%), Supplier Lead Time & Delivery (+27%), Stock-Out History & Volatility (+14%), Upcoming Calendar & Events (+12%)",WARNING: Review buffer; place order for 22 units within 48 hours.
S06,Store S06 (Tiruppur),Tiruppur,P334,ZapUp Energy Drink (P334),Beverages,Energy Drink,ZapUp,0,14,3,16,180,125.0,90.75,25.8,20.9,30.4,35.6,61.4,48,0.6747,MEDIUM,3758.24,1578.48,high,xgboost_regressor,0,"Product & Store Characteristics (+27%), Low Stock & Buffer Deficit (+25%), Supplier Lead Time & Delivery (+24%), Promotion & Pricing (+18%)",WARNING: Review buffer; place order for 48 units within 48 hours.
S02,Store S02 (Chennai),Chennai,P444,SpiceTime Namkeen (P444),Snacks,Namkeen,SpiceTime,45,98,3,111,150,55.0,53.0,218.9,179.5,267.1,29.1,248.0,105,0.2846,LOW,3741.39,3302.45,high,xgboost_regressor,0,"Promotion & Pricing (-34%), Product & Store Characteristics (+26%), Stock-Out History & Volatility (+19%), Low Stock & Buffer Deficit (+18%)",ROUTINE: Place scheduled replenishment order for 105 units.
S06,Store S06 (Tiruppur),Tiruppur,P205,GlowCare Shampoo (P205),Personal Care,Shampoo,GlowCare,8,17,5,29,730,120.0,116.0,38.2,30.9,48.1,17.9,56.1,32,0.5625,MEDIUM,3661.18,2493.2,high,xgboost_regressor,0,"Supplier Lead Time & Delivery (+34%), Product & Store Characteristics (+33%), Low Stock & Buffer Deficit (+22%), Upcoming Calendar & Events (+8%)",WARNING: Review buffer; place order for 32 units within 48 hours.
S02,Store S02 (Chennai),Chennai,P445,ChocoMelt Chocolates (P445),Snacks,Chocolates,ChocoMelt,103,114,3,122,300,40.0,39.0,272.5,223.4,332.4,29.1,301.6,85,0.3094,LOW,3638.92,3287.79,high,xgboost_regressor,0,"Stock-Out History & Volatility (+33%), Upcoming Calendar & Events (+30%), Product & Store Characteristics (+27%), Promotion & Pricing (-11%)",ROUTINE: Place scheduled replenishment order for 85 units.
S03,Store S03 (Madurai),Madurai,P504,ChaiKing Tea (P504),Groceries,Tea,ChaiKing,19,19,4,24,365,120.0,116.0,35.6,29.5,43.4,33.4,69.0,31,0.4463,MEDIUM,3571.67,1842.52,high,xgboost_regressor,0,"Product & Store Characteristics (+43%), Supplier Lead Time & Delivery (+31%), Upcoming Calendar & Events (+16%), Stock-Out History & Volatility (+6%)",WARNING: Review buffer; place order for 31 units within 48 hours.
S03,Store S03 (Madurai),Madurai,P104,FreshFarm Paneer (P104),Dairy,Paneer,FreshFarm,6,16,3,16,15,90.0,87.0,34.0,25.8,45.9,35.7,69.7,48,0.5889,MEDIUM,3568.98,1739.92,high,xgboost_regressor,0,"Supplier Lead Time & Delivery (+31%), Product & Store Characteristics (+24%), Low Stock & Buffer Deficit (+20%), Upcoming Calendar & Events (+14%)",WARNING: Review buffer; place order for 48 units within 48 hours.
S02,Store S02 (Chennai),Chennai,P447,Munchies Chips (P447),Snacks,Chips,Munchies,45,174,3,136,120,30.0,29.0,360.6,252.4,486.8,29.1,389.7,171,0.3146,LOW,3555.02,3289.53,low,fallback_sparse_history,0,"Low Stock & Buffer Deficit (+39%), Supplier Lead Time & Delivery (-34%), Promotion & Pricing (-34%), Upcoming Calendar & Events (+33%)",ROUTINE: Place scheduled replenishment order for 171 units.
S05,Store S05 (Tiruchirappalli),Tiruchirappalli,P601,SparkleWash Detergent (P601),Household,Detergent,SparkleWash,15,26,4,36,730,130.0,102.85,56.4,46.2,69.9,11.5,67.9,27,0.4823,MEDIUM,3366.17,2795.71,high,xgboost_regressor,0,"Product & Store Characteristics (+49%), Low Stock & Buffer Deficit (+18%), Promotion & Pricing (+11%), Weather Conditions (-10%)",WARNING: Review buffer; place order for 27 units within 48 hours.
S01,Store S01 (Coimbatore),Coimbatore,P205,GlowCare Shampoo (P205),Personal Care,Shampoo,GlowCare,25,31,4,41,730,120.0,116.0,57.7,46.8,72.8,16.0,73.7,18,0.3904,LOW,3339.42,2614.84,high,xgboost_regressor,0,"Product & Store Characteristics (+52%), Weather Conditions (+20%), Upcoming Calendar & Events (+17%), Stock-Out History & Volatility (+11%)",ROUTINE: Place scheduled replenishment order for 18 units.
S01,Store S01 (Coimbatore),Coimbatore,P602,CleanPro Dishwash (P602),Household,Dishwash,CleanPro,1,28,4,40,730,99.0,96.0,64.1,52.5,79.5,11.5,75.6,47,0.458,MEDIUM,3322.66,2817.03,high,xgboost_regressor,0,"Low Stock & Buffer Deficit (+52%), Product & Store Characteristics (+36%), Stock-Out History & Volatility (-16%), Upcoming Calendar & Events (+5%)",WARNING: Review buffer; place order for 47 units within 48 hours.
S06,Store S06 (Tiruppur),Tiruppur,P703,CrunchyBite Frozen Snacks (P703),Frozen,Frozen Snacks,CrunchyBite,1,10,3,10,150,220.0,213.0,21.4,16.3,27.9,11.4,32.8,22,0.4643,MEDIUM,3245.76,2118.35,high,xgboost_regressor,0,"Low Stock & Buffer Deficit (+50%), Recent Sales Velocity (-32%), Supplier Lead Time & Delivery (+24%), Stock-Out History & Volatility (-15%)",WARNING: Review buffer; place order for 22 units within 48 hours.
S02,Store S02 (Chennai),Chennai,P503,Unknown Sugar (P503),Groceries,Sugar,Unknown,79,109,3,112,540,48.0,47.0,247.4,205.4,301.9,28.9,276.3,88,0.2477,LOW,3217.12,2880.67,high,xgboost_regressor,0,"Recent Sales Velocity (-100%), Supplier Lead Time & Delivery (-79%), Upcoming Calendar & Events (+58%), Stock-Out History & Volatility (-44%)",ROUTINE: Place scheduled replenishment order for 88 units.
S02,Store S02 (Chennai),Chennai,P705,ArcticJoy Ice Cream (P705),Frozen,Ice Cream,ArcticJoy,41,74,2,67,180,70.0,61.2,179.8,125.8,242.7,9.3,189.1,75,0.2769,LOW,3204.03,3046.43,low,fallback_sparse_history,0,"Supplier Lead Time & Delivery (-100%), Product & Store Characteristics (+60%), Upcoming Calendar & Events (+40%)",ROUTINE: Place scheduled replenishment order for 75 units.
S01,Store S01 (Coimbatore),Coimbatore,P703,CrunchyBite Frozen Snacks (P703),Frozen,Frozen Snacks,CrunchyBite,13,15,2,13,150,220.0,213.0,38.2,29.0,49.7,9.3,47.5,20,0.3149,LOW,3186.67,2562.89,high,xgboost_regressor,0,"Promotion & Pricing (-49%), Product & Store Characteristics (+43%), Stock-Out History & Volatility (+28%), Upcoming Calendar & Events (+22%)",ROUTINE: Place scheduled replenishment order for 20 units.
S01,Store S01 (Coimbatore),Coimbatore,P442,Crispo Biscuits (P442),Snacks,Biscuits,Crispo,44,76,3,81,240,35.0,27.2,182.2,149.4,222.3,29.1,211.3,92,0.5515,MEDIUM,3170.27,2733.75,high,xgboost_regressor,0,"Product & Store Characteristics (+51%), Weather Conditions (+18%), Stock-Out History & Volatility (+11%), Upcoming Calendar & Events (+11%)",WARNING: Review buffer; place order for 92 units within 48 hours.
S01,Store S01 (Coimbatore),Coimbatore,P445,ChocoMelt Chocolates (P445),Snacks,Chocolates,ChocoMelt,10,42,3,48,300,40.0,39.0,111.2,91.2,135.7,29.1,140.3,89,0.5763,MEDIUM,3154.24,2500.2,high,xgboost_regressor,0,"Product & Store Characteristics (+49%), Low Stock & Buffer Deficit (+21%), Stock-Out History & Volatility (+11%), Weather Conditions (+9%)",WARNING: Review buffer; place order for 89 units within 48 hours.
S03,Store S03 (Madurai),Madurai,P207,SmileMax Toothpaste (P207),Personal Care,Toothpaste,SmileMax,6,24,5,39,730,95.0,69.0,46.2,37.5,58.2,17.9,64.1,34,0.7031,HIGH,3111.2,2242.8,high,xgboost_regressor,0,"Low Stock & Buffer Deficit (+31%), Product & Store Characteristics (+30%), Promotion & Pricing (+23%), Recent Sales Velocity (+9%)",CRITICAL: Raise replenishment order TODAY for 34 units (5d lead time).
S05,Store S05 (Tiruchirappalli),Tiruchirappalli,P501,GoldGrain Rice (P501),Groceries,Rice,GoldGrain,49,63,3,64,365,68.0,66.0,131.8,109.4,160.8,28.9,160.7,49,0.2871,LOW,3045.8,2498.18,high,xgboost_regressor,0,"Product & Store Characteristics (+70%), Supplier Lead Time & Delivery (-61%), Promotion & Pricing (-48%), Weather Conditions (-39%)",ROUTINE: Place scheduled replenishment order for 49 units.
S02,Store S02 (Chennai),Chennai,P506,FreshBake Bread (P506),Groceries,Bread,FreshBake,131,0,1,116,4,40.0,39.0,449.6,373.2,548.5,16.7,256.9,126,0.1668,LOW,3033.5,2924.87,high,xgboost_regressor,0,"Low Stock & Buffer Deficit (-100%), Recent Sales Velocity (-69%), Promotion & Pricing (-56%), Product & Store Characteristics (-26%)",ROUTINE: Place scheduled replenishment order for 126 units.
S01,Store S01 (Coimbatore),Coimbatore,P444,SpiceTime Namkeen (P444),Snacks,Namkeen,SpiceTime,19,39,3,44,150,55.0,53.0,86.9,71.2,106.0,29.1,116.0,58,0.4888,MEDIUM,3004.11,2250.23,high,xgboost_regressor,0,"Product & Store Characteristics (+35%), Promotion & Pricing (-22%), Low Stock & Buffer Deficit (+21%), Weather Conditions (+16%)",WARNING: Review buffer; place order for 58 units within 48 hours.
S01,Store S01 (Coimbatore),Coimbatore,P334,ZapUp Energy Drink (P334),Beverages,Energy Drink,ZapUp,8,21,2,19,180,125.0,121.0,55.4,44.9,65.4,29.0,84.4,55,0.291,LOW,2971.81,1950.69,high,xgboost_regressor,0,"Promotion & Pricing (-100%), Supplier Lead Time & Delivery (-62%), Product & Store Characteristics (+38%), Low Stock & Buffer Deficit (+27%)",ROUTINE: Place scheduled replenishment order for 55 units.
S02,Store S02 (Chennai),Chennai,P701,ArcticJoy Ice Cream (P701),Frozen,Ice Cream,ArcticJoy,75,84,2,76,180,50.0,48.0,234.0,177.8,304.2,9.3,243.3,85,0.2487,LOW,2904.06,2793.04,high,xgboost_regressor,0,"Low Stock & Buffer Deficit (-77%), Product & Store Characteristics (+59%), Supplier Lead Time & Delivery (-59%), Recent Sales Velocity (-58%)",ROUTINE: Place scheduled replenishment order for 85 units.
S05,Store S05 (Tiruchirappalli),Tiruchirappalli,P603,ShinyFloor Floor Cleaner (P603),Household,Floor Cleaner,ShinyFloor,10,18,4,26,730,175.0,170.0,34.7,28.5,43.0,11.5,46.2,19,0.3689,LOW,2898.59,2177.4,high,xgboost_regressor,0,"Supplier Lead Time & Delivery (+39%), Product & Store Characteristics (+26%), Promotion & Pricing (+15%), Upcoming Calendar & Events (+11%)",ROUTINE: Place scheduled replenishment order for 19 units.
S03,Store S03 (Madurai),Madurai,P506,FreshBake Bread (P506),Groceries,Bread,FreshBake,25,24,2,41,4,40.0,39.0,123.8,102.7,151.0,23.6,70.7,22,0.4984,MEDIUM,2864.52,2405.79,high,xgboost_regressor,0,"Product & Store Characteristics (+49%), Stock-Out History & Volatility (+25%), Upcoming Calendar & Events (+22%), Promotion & Pricing (-8%)",WARNING: Review buffer; place order for 22 units within 48 hours.
S06,Store S06 (Tiruppur),Tiruppur,P504,ChaiKing Tea (P504),Groceries,Tea,ChaiKing,13,15,4,22,365,120.0,92.8,33.1,27.5,40.4,33.4,66.5,39,0.4556,MEDIUM,2812.44,1400.3,high,xgboost_regressor,0,"Supplier Lead Time & Delivery (+37%), Product & Store Characteristics (+36%), Promotion & Pricing (+13%), Low Stock & Buffer Deficit (+9%)",WARNING: Review buffer; place order for 39 units within 48 hours.
S05,Store S05 (Tiruchirappalli),Tiruchirappalli,P208,GlowCare Face Wash (P208),Personal Care,Face Wash,GlowCare,13,14,4,20,730,149.0,145.0,32.1,26.0,40.4,16.0,48.1,21,0.4027,MEDIUM,2807.46,1873.2,high,xgboost_regressor,0,"Product & Store Characteristics (+49%), Supplier Lead Time & Delivery (+37%), Upcoming Calendar & Events (+12%), Recent Sales Velocity (-10%)",WARNING: Review buffer; place order for 21 units within 48 hours.
S06,Store S06 (Tiruppur),Tiruppur,P442,Crispo Biscuits (P442),Snacks,Biscuits,Crispo,27,44,4,57,240,35.0,34.0,100.5,82.4,122.6,33.6,134.1,63,0.6093,MEDIUM,2777.42,2081.36,high,xgboost_regressor,0,"Product & Store Characteristics (+67%), Upcoming Calendar & Events (+13%), Stock-Out History & Volatility (+8%), Low Stock & Buffer Deficit (+7%)",WARNING: Review buffer; place order for 63 units within 48 hours.
S05,Store S05 (Tiruchirappalli),Tiruchirappalli,P503,Unknown Sugar (P503),Groceries,Sugar,Unknown,39,42,3,41,540,48.0,47.0,89.1,74.0,108.7,28.9,118.0,37,0.4991,MEDIUM,2768.01,2090.08,high,xgboost_regressor,0,"Product & Store Characteristics (+66%), Low Stock & Buffer Deficit (-28%), Promotion & Pricing (-21%), Upcoming Calendar & Events (+20%)",WARNING: Review buffer; place order for 37 units within 48 hours.
S06,Store S06 (Tiruppur),Tiruppur,P444,SpiceTime Namkeen (P444),Snacks,Namkeen,SpiceTime,11,22,4,29,150,55.0,53.0,48.9,40.1,59.6,33.6,82.5,49,0.6285,MEDIUM,2747.78,1628.55,high,xgboost_regressor,0,"Product & Store Characteristics (+63%), Upcoming Calendar & Events (+12%), Low Stock & Buffer Deficit (+11%), Stock-Out History & Volatility (+7%)",WARNING: Review buffer; place order for 49 units within 48 hours.
S02,Store S02 (Chennai),Chennai,P105,DairyDay Cheese (P105),Dairy,Cheese,DairyDay,24,35,2,30,120,140.0,136.0,73.8,56.1,99.6,29.2,103.0,44,0.195,LOW,2731.56,1957.18,high,xgboost_regressor,0,"Promotion & Pricing (-100%), Upcoming Calendar & Events (+50%), Stock-Out History & Volatility (+50%), Product & Store Characteristics (-46%)",ROUTINE: Place scheduled replenishment order for 44 units.
S02,Store S02 (Chennai),Chennai,P102,Aavin Curd (P102),Dairy,Curd,Aavin,9,75,1,85,7,35.0,30.6,348.4,264.8,470.3,20.6,348.4,265,0.2415,LOW,2726.8,2574.57,high,xgboost_regressor,0,"Product & Store Characteristics (-100%), Low Stock & Buffer Deficit (+100%), Supplier Lead Time & Delivery (-96%), Recent Sales Velocity (-13%)",ROUTINE: Place scheduled replenishment order for 265 units.
S03,Store S03 (Madurai),Madurai,P501,GoldGrain Rice (P501),Groceries,Rice,GoldGrain,39,32,4,46,365,68.0,66.0,74.4,61.8,90.8,33.4,107.8,37,0.3806,LOW,2708.4,1869.4,high,xgboost_regressor,0,"Product & Store Characteristics (+83%), Low Stock & Buffer Deficit (-28%), Promotion & Pricing (-26%), Recent Sales Velocity (-18%)",ROUTINE: Place scheduled replenishment order for 37 units.
S06,Store S06 (Tiruppur),Tiruppur,P208,GlowCare Face Wash (P208),Personal Care,Face Wash,GlowCare,6,10,5,16,730,149.0,145.0,23.2,18.8,29.3,17.9,41.1,26,0.4534,MEDIUM,2704.01,1527.21,high,xgboost_regressor,0,"Recent Sales Velocity (-56%), Product & Store Characteristics (+41%), Stock-Out History & Volatility (-33%), Supplier Lead Time & Delivery (+24%)",WARNING: Review buffer; place order for 26 units within 48 hours.
S06,Store S06 (Tiruppur),Tiruppur,P101,Aavin Milk (P101),Dairy,Milk,Aavin,67,0,2,63,3,60.0,58.0,181.1,137.6,244.5,29.2,77.6,11,0.2195,LOW,2677.33,2305.58,high,xgboost_regressor,0,"Low Stock & Buffer Deficit (-71%), Recent Sales Velocity (-64%), Supplier Lead Time & Delivery (-34%), Upcoming Calendar & Events (+32%)",ROUTINE: Place scheduled replenishment order for 11 units.
S03,Store S03 (Madurai),Madurai,P444,SpiceTime Namkeen (P444),Snacks,Namkeen,SpiceTime,0,21,4,29,150,55.0,53.0,47.2,38.7,57.6,33.6,80.8,60,0.6154,MEDIUM,2637.02,1541.12,high,xgboost_regressor,0,"Product & Store Characteristics (+45%), Low Stock & Buffer Deficit (+30%), Stock-Out History & Volatility (-24%), Supplier Lead Time & Delivery (+13%)",WARNING: Review buffer; place order for 60 units within 48 hours.
S05,Store S05 (Tiruchirappalli),Tiruchirappalli,P705,ArcticJoy Ice Cream (P705),Frozen,Ice Cream,ArcticJoy,0,24,2,22,180,70.0,68.0,83.6,58.5,112.9,9.3,92.9,69,0.4131,MEDIUM,2610.76,2349.51,low,fallback_sparse_history,0,"Low Stock & Buffer Deficit (+39%), Product & Store Characteristics (+32%), Stock-Out History & Volatility (+14%), Upcoming Calendar & Events (+9%)",WARNING: Review buffer; place order for 69 units within 48 hours.
S02,Store S02 (Chennai),Chennai,P702,FrostFresh Frozen Vegetables (P702),Frozen,Frozen Vegetables,FrostFresh,26,45,2,40,180,80.0,78.0,98.2,74.7,127.7,9.3,107.5,36,0.3014,LOW,2528.18,2309.54,high,xgboost_regressor,0,"Upcoming Calendar & Events (+41%), Recent Sales Velocity (+20%), Product & Store Characteristics (+20%), Weather Conditions (+10%)",ROUTINE: Place scheduled replenishment order for 36 units.
S02,Store S02 (Chennai),Chennai,P333,AquaPure Packaged Water (P333),Beverages,Packaged Water,AquaPure,208,256,2,214,365,20.0,19.0,614.6,497.8,725.2,29.0,643.6,180,0.2057,LOW,2515.38,2402.04,high,xgboost_regressor,0,"Recent Sales Velocity (-0%), Low Stock & Buffer Deficit (-0%), Supplier Lead Time & Delivery (-0%), Promotion & Pricing (-0%)",ROUTINE: Place scheduled replenishment order for 180 units.
S05,Store S05 (Tiruchirappalli),Tiruchirappalli,P602,CleanPro Dishwash (P602),Household,Dishwash,CleanPro,1,27,4,38,730,99.0,86.4,53.2,43.7,66.0,11.5,64.7,37,0.4463,MEDIUM,2496.4,2052.95,high,xgboost_regressor,0,"Low Stock & Buffer Deficit (+51%), Product & Store Characteristics (+34%), Upcoming Calendar & Events (+13%), Weather Conditions (-4%)",WARNING: Review buffer; place order for 37 units within 48 hours.
S04,Store S04 (Salem),Salem,P704,ArcticJoy Ice Cream (P704),Frozen,Ice Cream,ArcticJoy,13,0,2,11,180,260.0,252.0,23.7,18.0,30.9,9.3,33.0,20,0.2984,LOW,2484.5,1785.17,high,xgboost_regressor,0,"Supplier Lead Time & Delivery (+29%), Recent Sales Velocity (+19%), Low Stock & Buffer Deficit (+19%), Stock-Out History & Volatility (+13%)",ROUTINE: Place scheduled replenishment order for 20 units.
S04,Store S04 (Salem),Salem,P334,ZapUp Energy Drink (P334),Beverages,Energy Drink,ZapUp,7,19,2,15,180,125.0,121.0,39.4,31.9,46.5,29.0,68.4,43,0.291,LOW,2408.08,1386.96,high,xgboost_regressor,0,"Supplier Lead Time & Delivery (+54%), Low Stock & Buffer Deficit (+40%), Product & Store Characteristics (-21%)",ROUTINE: Place scheduled replenishment order for 43 units.
S05,Store S05 (Tiruchirappalli),Tiruchirappalli,P205,GlowCare Shampoo (P205),Personal Care,Shampoo,GlowCare,43,0,4,40,730,120.0,116.0,58.3,47.2,73.4,16.0,74.3,32,0.2791,LOW,2404.86,1886.85,high,xgboost_regressor,0,"Low Stock & Buffer Deficit (-100%), Weather Conditions (-63%), Promotion & Pricing (-63%), Supplier Lead Time & Delivery (+31%)",ROUTINE: Place scheduled replenishment order for 32 units.
S02,Store S02 (Chennai),Chennai,P206,PureBath Soap (P206),Personal Care,Soap,PureBath,75,139,4,184,1095,38.0,37.0,226.3,183.3,285.2,16.0,242.3,29,0.2604,LOW,2334.99,2180.84,high,xgboost_regressor,0,"Supplier Lead Time & Delivery (-82%), Recent Sales Velocity (-68%), Upcoming Calendar & Events (+58%), Product & Store Characteristics (-51%)",ROUTINE: Place scheduled replenishment order for 29 units.
S04,Store S04 (Salem),Salem,P331,FizzUp Soft Drink (P331),Beverages,Soft Drink,FizzUp,48,48,3,56,180,95.0,92.0,85.3,69.1,100.7,35.6,120.9,25,0.2097,LOW,2332.64,1645.83,high,xgboost_regressor,0,"Upcoming Calendar & Events (+48%), Low Stock & Buffer Deficit (-28%), Recent Sales Velocity (+20%), Supplier Lead Time & Delivery (-20%)",ROUTINE: Place scheduled replenishment order for 25 units.
S03,Store S03 (Madurai),Madurai,P705,ArcticJoy Ice Cream (P705),Frozen,Ice Cream,ArcticJoy,0,14,3,17,180,70.0,57.8,51.7,36.2,69.8,11.4,63.1,50,0.6373,MEDIUM,2323.61,1903.68,low,fallback_sparse_history,0,"Low Stock & Buffer Deficit (+38%), Product & Store Characteristics (+35%), Supplier Lead Time & Delivery (+19%), Weather Conditions (-5%)",WARNING: Review buffer; place order for 50 units within 48 hours.
S05,Store S05 (Tiruchirappalli),Tiruchirappalli,P207,SmileMax Toothpaste (P207),Personal Care,Toothpaste,SmileMax,16,33,4,45,730,95.0,92.0,66.5,53.8,83.7,16.0,82.5,33,0.3047,LOW,2311.55,1863.03,high,xgboost_regressor,0,"Product & Store Characteristics (+56%), Stock-Out History & Volatility (-51%), Weather Conditions (-42%), Low Stock & Buffer Deficit (+24%)",ROUTINE: Place scheduled replenishment order for 33 units.
S05,Store S05 (Tiruchirappalli),Tiruchirappalli,P334,ZapUp Energy Drink (P334),Beverages,Energy Drink,ZapUp,12,22,2,20,180,125.0,96.8,43.6,35.3,51.5,29.0,72.6,39,0.3254,LOW,2287.75,1374.29,high,xgboost_regressor,0,"Supplier Lead Time & Delivery (-100%), Stock-Out History & Volatility (-91%), Product & Store Characteristics (+41%), Weather Conditions (-34%)",ROUTINE: Place scheduled replenishment order for 39 units.
S06,Store S06 (Tiruppur),Tiruppur,P705,ArcticJoy Ice Cream (P705),Frozen,Ice Cream,ArcticJoy,5,18,3,20,180,70.0,51.0,49.5,34.6,66.8,11.4,60.9,38,0.7296,HIGH,2264.58,1840.39,low,fallback_sparse_history,0,"Low Stock & Buffer Deficit (+43%), Product & Store Characteristics (+31%), Promotion & Pricing (+16%), Supplier Lead Time & Delivery (+9%)",CRITICAL: Raise replenishment order TODAY for 38 units (3d lead time).
S04,Store S04 (Salem),Salem,P330,FizzUp Soft Drink (P330),Beverages,Soft Drink,FizzUp,52,94,3,92,180,50.0,48.0,142.0,115.0,167.6,35.6,177.6,32,0.2652,LOW,2261.29,1808.11,high,xgboost_regressor,0,"Recent Sales Velocity (-45%), Upcoming Calendar & Events (+34%), Stock-Out History & Volatility (+27%), Product & Store Characteristics (+19%)",ROUTINE: Place scheduled replenishment order for 32 units.
S03,Store S03 (Madurai),Madurai,P208,GlowCare Face Wash (P208),Personal Care,Face Wash,GlowCare,5,10,5,17,730,149.0,145.0,22.5,18.2,28.4,17.9,40.4,25,0.3816,LOW,2236.52,1246.08,high,xgboost_regressor,0,"Stock-Out History & Volatility (-100%), Recent Sales Velocity (-100%), Product & Store Characteristics (+44%), Supplier Lead Time & Delivery (+24%)",ROUTINE: Place scheduled replenishment order for 25 units.
S05,Store S05 (Tiruchirappalli),Tiruchirappalli,P444,SpiceTime Namkeen (P444),Snacks,Namkeen,SpiceTime,28,36,3,37,150,55.0,53.0,79.2,65.0,96.6,29.1,108.3,45,0.3792,LOW,2176.77,1591.93,high,xgboost_regressor,0,"Product & Store Characteristics (+70%), Stock-Out History & Volatility (+17%), Promotion & Pricing (-16%), Low Stock & Buffer Deficit (-14%)",ROUTINE: Place scheduled replenishment order for 45 units.
S02,Store S02 (Chennai),Chennai,P443,Munchies Chips (P443),Snacks,Chips,Munchies,136,167,3,177,120,20.0,19.0,383.9,314.8,468.4,29.1,413.1,110,0.275,LOW,2158.19,2006.14,high,xgboost_regressor,0,"Product & Store Characteristics (+51%), Promotion & Pricing (-46%), Supplier Lead Time & Delivery (-44%), Recent Sales Velocity (-38%)",ROUTINE: Place scheduled replenishment order for 110 units.
S06,Store S06 (Tiruppur),Tiruppur,P503,Unknown Sugar (P503),Groceries,Sugar,Unknown,31,23,4,31,540,48.0,47.0,57.1,47.4,69.7,33.4,90.5,37,0.5055,MEDIUM,2150.62,1357.09,high,xgboost_regressor,0,"Product & Store Characteristics (+65%), Promotion & Pricing (-35%), Upcoming Calendar & Events (+19%), Low Stock & Buffer Deficit (-9%)",WARNING: Review buffer; place order for 37 units within 48 hours.
S01,Store S01 (Coimbatore),Coimbatore,P105,DairyDay Cheese (P105),Dairy,Cheese,DairyDay,17,0,2,14,120,140.0,102.0,33.4,25.4,45.1,29.2,62.6,46,0.3315,LOW,2116.36,1129.02,high,xgboost_regressor,0,"Supplier Lead Time & Delivery (+52%), Promotion & Pricing (+42%), Product & Store Characteristics (-16%), Low Stock & Buffer Deficit (-6%)",ROUTINE: Place scheduled replenishment order for 46 units.
S03,Store S03 (Madurai),Madurai,P442,Crispo Biscuits (P442),Snacks,Biscuits,Crispo,54,53,4,71,240,35.0,34.0,98.9,81.1,120.7,33.6,132.5,26,0.4659,MEDIUM,2099.04,1566.79,high,xgboost_regressor,0,"Product & Store Characteristics (+67%), Low Stock & Buffer Deficit (-28%), Upcoming Calendar & Events (+20%), Supplier Lead Time & Delivery (-14%)",WARNING: Review buffer; place order for 26 units within 48 hours.
S01,Store S01 (Coimbatore),Coimbatore,P701,ArcticJoy Ice Cream (P701),Frozen,Ice Cream,ArcticJoy,14,46,2,37,180,50.0,48.0,94.0,71.4,122.2,9.3,103.3,44,0.4226,MEDIUM,2095.42,1906.77,high,xgboost_regressor,0,"Product & Store Characteristics (+68%), Supplier Lead Time & Delivery (-67%), Upcoming Calendar & Events (+14%), Weather Conditions (-12%)",WARNING: Review buffer; place order for 44 units within 48 hours.
S03,Store S03 (Madurai),Madurai,P105,DairyDay Cheese (P105),Dairy,Cheese,DairyDay,14,0,3,11,120,140.0,136.0,19.2,14.6,25.9,35.7,54.9,41,0.2784,LOW,2077.51,725.82,high,xgboost_regressor,0,"Supplier Lead Time & Delivery (+65%), Recent Sales Velocity (-52%), Low Stock & Buffer Deficit (-30%), Product & Store Characteristics (-24%)",ROUTINE: Place scheduled replenishment order for 41 units.
S01,Store S01 (Coimbatore),Coimbatore,P705,ArcticJoy Ice Cream (P705),Frozen,Ice Cream,ArcticJoy,4,31,2,25,180,70.0,68.0,67.5,47.3,91.2,9.3,76.8,42,0.3949,LOW,2063.4,1813.67,low,fallback_sparse_history,0,"Supplier Lead Time & Delivery (-66%), Low Stock & Buffer Deficit (+54%), Product & Store Characteristics (+39%), Upcoming Calendar & Events (+6%)",ROUTINE: Place scheduled replenishment order for 42 units.
S06,Store S06 (Tiruppur),Tiruppur,P105,DairyDay Cheese (P105),Dairy,Cheese,DairyDay,13,0,3,10,120,140.0,136.0,18.9,14.4,25.5,35.7,54.6,42,0.2776,LOW,2061.35,713.54,high,xgboost_regressor,0,"Supplier Lead Time & Delivery (+74%), Product & Store Characteristics (-70%), Stock-Out History & Volatility (-40%), Low Stock & Buffer Deficit (-36%)",ROUTINE: Place scheduled replenishment order for 42 units.
S06,Store S06 (Tiruppur),Tiruppur,P445,ChocoMelt Chocolates (P445),Snacks,Chocolates,ChocoMelt,18,28,4,36,300,40.0,39.0,65.4,53.6,79.8,33.6,99.0,53,0.5263,MEDIUM,2032.66,1343.0,high,xgboost_regressor,0,"Product & Store Characteristics (+54%), Stock-Out History & Volatility (+15%), Upcoming Calendar & Events (+11%), Low Stock & Buffer Deficit (+10%)",WARNING: Review buffer; place order for 53 units within 48 hours.
S01,Store S01 (Coimbatore),Coimbatore,P447,Munchies Chips (P447),Snacks,Chips,Munchies,25,72,3,56,120,30.0,29.0,145.7,102.0,196.7,29.1,174.8,78,0.3968,LOW,2011.11,1676.25,low,fallback_sparse_history,0,"Product & Store Characteristics (+42%), Low Stock & Buffer Deficit (+19%), Weather Conditions (+15%), Upcoming Calendar & Events (+15%)",ROUTINE: Place scheduled replenishment order for 78 units.
S02,Store S02 (Chennai),Chennai,P604,SoftTouch Tissue Paper (P604),Household,Tissue Paper,SoftTouch,72,59,4,81,1095,60.0,58.0,107.6,88.2,133.4,11.5,119.1,0,0.29,LOW,2002.76,1809.33,high,xgboost_regressor,0,"Product & Store Characteristics (+54%), Upcoming Calendar & Events (+46%), Recent Sales Velocity (-20%), Low Stock & Buffer Deficit (-16%)",HEALTHY: No replenishment required. Current inventory and pipeline cover forecast demand.
S03,Store S03 (Madurai),Madurai,P602,CleanPro Dishwash (P602),Household,Dishwash,CleanPro,18,19,5,29,730,99.0,96.0,35.8,29.3,44.4,12.9,48.7,12,0.4274,MEDIUM,1997.36,1468.07,high,xgboost_regressor,0,"Product & Store Characteristics (+45%), Supplier Lead Time & Delivery (+37%), Stock-Out History & Volatility (-19%), Upcoming Calendar & Events (+17%)",WARNING: Review buffer; place order for 12 units within 48 hours.
S06,Store S06 (Tiruppur),Tiruppur,P104,FreshFarm Paneer (P104),Dairy,Paneer,FreshFarm,6,13,3,14,15,90.0,87.0,26.5,20.1,35.8,35.7,62.2,44,0.3692,LOW,1997.25,850.55,high,xgboost_regressor,0,"Low Stock & Buffer Deficit (+42%), Supplier Lead Time & Delivery (+33%), Recent Sales Velocity (-30%), Product & Store Characteristics (+12%)",ROUTINE: Place scheduled replenishment order for 44 units.
S02,Store S02 (Chennai),Chennai,P103,Amul Butter (P103),Dairy,Butter,Amul,20,49,2,40,90,58.0,56.0,109.7,83.3,148.1,29.2,138.9,70,0.256,LOW,1990.84,1572.23,high,xgboost_regressor,0,"Promotion & Pricing (-100%), Supplier Lead Time & Delivery (-100%), Product & Store Characteristics (+62%), Recent Sales Velocity (-37%)",ROUTINE: Place scheduled replenishment order for 70 units.
S03,Store S03 (Madurai),Madurai,P703,CrunchyBite Frozen Snacks (P703),Frozen,Frozen Snacks,CrunchyBite,7,9,3,11,150,220.0,170.4,21.3,16.2,27.6,11.4,32.7,17,0.3569,LOW,1986.24,1292.94,high,xgboost_regressor,0,"Recent Sales Velocity (-100%), Stock-Out History & Volatility (-75%), Supplier Lead Time & Delivery (+57%), Weather Conditions (+24%)",ROUTINE: Place scheduled replenishment order for 17 units.
S06,Store S06 (Tiruppur),Tiruppur,P103,Amul Butter (P103),Dairy,Butter,Amul,3,11,3,14,90,58.0,44.8,33.1,25.1,44.7,35.7,68.8,55,0.6258,MEDIUM,1928.31,927.43,high,xgboost_regressor,0,"Low Stock & Buffer Deficit (+37%), Supplier Lead Time & Delivery (+35%), Product & Store Characteristics (+20%), Upcoming Calendar & Events (+7%)",WARNING: Review buffer; place order for 55 units within 48 hours.
S05,Store S05 (Tiruchirappalli),Tiruchirappalli,P101,Aavin Milk (P101),Dairy,Milk,Aavin,74,73,1,88,3,60.0,58.0,274.6,208.7,370.7,20.6,117.7,0,0.1124,LOW,1924.34,1790.04,high,xgboost_regressor,0,"Product & Store Characteristics (-100%), Promotion & Pricing (-69%), Recent Sales Velocity (-64%), Low Stock & Buffer Deficit (-62%)",HEALTHY: No replenishment required. Current inventory and pipeline cover forecast demand.
S04,Store S04 (Salem),Salem,P335,FizzUp Soft Drink (P335),Beverages,Soft Drink,FizzUp,23,0,3,40,180,55.0,53.0,105.8,74.1,142.8,35.6,141.4,119,0.2514,LOW,1884.18,1409.83,low,fallback_sparse_history,0,"Supplier Lead Time & Delivery (+66%), Product & Store Characteristics (-65%), Upcoming Calendar & Events (+33%)",ROUTINE: Place scheduled replenishment order for 119 units.
S02,Store S02 (Chennai),Chennai,P446,Slurpy Noodles (P446),Snacks,Noodles,Slurpy,140,166,3,177,270,14.0,14.0,384.5,315.3,469.1,29.1,413.6,108,0.3254,LOW,1884.15,1751.58,high,xgboost_regressor,0,"Product & Store Characteristics (+59%), Recent Sales Velocity (-39%), Supplier Lead Time & Delivery (-21%), Upcoming Calendar & Events (+18%)",ROUTINE: Place scheduled replenishment order for 108 units.
S06,Store S06 (Tiruppur),Tiruppur,P207,SmileMax Toothpaste (P207),Personal Care,Toothpaste,SmileMax,21,22,5,32,730,95.0,92.0,38.2,30.9,48.1,17.9,56.1,14,0.3642,LOW,1878.7,1278.94,high,xgboost_regressor,0,"Product & Store Characteristics (+59%), Recent Sales Velocity (-17%), Stock-Out History & Volatility (+13%), Supplier Lead Time & Delivery (+11%)",ROUTINE: Place scheduled replenishment order for 14 units.
S06,Store S06 (Tiruppur),Tiruppur,P602,CleanPro Dishwash (P602),Household,Dishwash,CleanPro,23,15,5,24,730,99.0,96.0,33.8,27.7,41.9,12.9,46.7,9,0.4171,MEDIUM,1869.14,1352.61,high,xgboost_regressor,0,"Product & Store Characteristics (+37%), Supplier Lead Time & Delivery (+27%), Upcoming Calendar & Events (+19%), Stock-Out History & Volatility (+9%)",WARNING: Review buffer; place order for 9 units within 48 hours.
S04,Store S04 (Salem),Salem,P442,Crispo Biscuits (P442),Snacks,Biscuits,Crispo,38,67,3,81,240,35.0,34.0,132.7,108.8,161.9,29.1,161.8,57,0.3396,LOW,1868.09,1532.09,high,xgboost_regressor,0,"Product & Store Characteristics (+52%), Stock-Out History & Volatility (+22%), Low Stock & Buffer Deficit (-13%), Upcoming Calendar & Events (+12%)",ROUTINE: Place scheduled replenishment order for 57 units.
S02,Store S02 (Chennai),Chennai,P104,FreshFarm Paneer (P104),Dairy,Paneer,FreshFarm,41,61,2,53,15,90.0,87.0,125.1,95.1,168.9,29.2,154.3,53,0.1379,LOW,1850.94,1500.62,high,xgboost_regressor,0,"Promotion & Pricing (-100%), Recent Sales Velocity (-58%), Supplier Lead Time & Delivery (-58%), Low Stock & Buffer Deficit (-58%)",ROUTINE: Place scheduled replenishment order for 53 units.
S06,Store S06 (Tiruppur),Tiruppur,P443,Munchies Chips (P443),Snacks,Chips,Munchies,17,35,4,53,120,20.0,19.0,115.1,94.4,140.4,33.6,148.7,97,0.6441,MEDIUM,1819.41,1408.22,high,xgboost_regressor,0,"Product & Store Characteristics (+55%), Low Stock & Buffer Deficit (+25%), Upcoming Calendar & Events (+9%), Supplier Lead Time & Delivery (+6%)",WARNING: Review buffer; place order for 97 units within 48 hours.
S03,Store S03 (Madurai),Madurai,P702,FrostFresh Frozen Vegetables (P702),Frozen,Frozen Vegetables,FrostFresh,0,10,3,11,180,80.0,78.0,24.6,18.7,32.0,11.4,36.0,26,0.6468,MEDIUM,1816.21,1241.08,high,xgboost_regressor,0,"Product & Store Characteristics (+31%), Supplier Lead Time & Delivery (+28%), Low Stock & Buffer Deficit (+27%), Upcoming Calendar & Events (+11%)",WARNING: Review buffer; place order for 26 units within 48 hours.
S01,Store S01 (Coimbatore),Coimbatore,P206,PureBath Soap (P206),Personal Care,Soap,PureBath,34,55,4,71,1095,38.0,37.0,121.9,98.7,153.6,16.0,137.9,49,0.3545,LOW,1808.5,1598.64,high,xgboost_regressor,0,"Product & Store Characteristics (+55%), Promotion & Pricing (-30%), Weather Conditions (+20%), Supplier Lead Time & Delivery (-15%)",ROUTINE: Place scheduled replenishment order for 49 units.
S06,Store S06 (Tiruppur),Tiruppur,P506,FreshBake Bread (P506),Groceries,Bread,FreshBake,23,28,2,50,4,40.0,33.15,133.4,110.7,162.7,23.6,76.2,26,0.3446,LOW,1793.03,1523.44,high,xgboost_regressor,0,"Product & Store Characteristics (+78%), Supplier Lead Time & Delivery (-44%), Weather Conditions (-23%), Low Stock & Buffer Deficit (+22%)",ROUTINE: Place scheduled replenishment order for 26 units.
S06,Store S06 (Tiruppur),Tiruppur,P206,PureBath Soap (P206),Personal Care,Soap,PureBath,6,33,5,51,1095,38.0,37.0,62.7,50.8,79.0,17.9,80.6,42,0.5998,MEDIUM,1788.95,1391.7,high,xgboost_regressor,0,"Product & Store Characteristics (+55%), Low Stock & Buffer Deficit (+39%), Stock-Out History & Volatility (-7%), Recent Sales Velocity (+4%)",WARNING: Review buffer; place order for 42 units within 48 hours.
S01,Store S01 (Coimbatore),Coimbatore,P506,FreshBake Bread (P506),Groceries,Bread,FreshBake,73,0,1,60,4,40.0,39.0,256.0,212.5,312.3,16.7,146.3,74,0.1673,LOW,1779.16,1670.19,high,xgboost_regressor,0,"Low Stock & Buffer Deficit (-100%), Recent Sales Velocity (-100%), Supplier Lead Time & Delivery (-100%), Product & Store Characteristics (-43%)",ROUTINE: Place scheduled replenishment order for 74 units.
S05,Store S05 (Tiruchirappalli),Tiruchirappalli,P206,PureBath Soap (P206),Personal Care,Soap,PureBath,21,44,4,59,1095,38.0,37.0,93.2,75.5,117.4,16.0,109.2,44,0.4387,MEDIUM,1771.87,1512.16,high,xgboost_regressor,0,"Product & Store Characteristics (+32%), Recent Sales Velocity (+23%), Upcoming Calendar & Events (+21%), Low Stock & Buffer Deficit (+18%)",WARNING: Review buffer; place order for 44 units within 48 hours.
S04,Store S04 (Salem),Salem,P601,SparkleWash Detergent (P601),Household,Detergent,SparkleWash,10,24,4,37,730,130.0,102.85,49.2,40.4,61.0,11.5,60.7,27,0.2817,LOW,1759.52,1426.33,high,xgboost_regressor,0,"Low Stock & Buffer Deficit (+66%), Product & Store Characteristics (-24%), Promotion & Pricing (+21%), Stock-Out History & Volatility (-21%)",ROUTINE: Place scheduled replenishment order for 27 units.
S04,Store S04 (Salem),Salem,P504,ChaiKing Tea (P504),Groceries,Tea,ChaiKing,31,27,3,31,365,120.0,116.0,51.7,42.9,63.0,28.9,80.6,23,0.188,LOW,1757.07,1126.82,high,xgboost_regressor,0,"Product & Store Characteristics (-100%), Low Stock & Buffer Deficit (-66%), Recent Sales Velocity (-33%), Weather Conditions (-19%)",ROUTINE: Place scheduled replenishment order for 23 units.
S01,Store S01 (Coimbatore),Coimbatore,P443,Munchies Chips (P443),Snacks,Chips,Munchies,33,69,3,80,120,20.0,19.0,176.6,144.8,215.4,29.1,205.7,104,0.4488,MEDIUM,1753.62,1505.48,high,xgboost_regressor,0,"Product & Store Characteristics (+49%), Promotion & Pricing (-26%), Low Stock & Buffer Deficit (+25%), Weather Conditions (+15%)",WARNING: Review buffer; place order for 104 units within 48 hours.
S04,Store S04 (Salem),Salem,P208,GlowCare Face Wash (P208),Personal Care,Face Wash,GlowCare,10,13,4,20,730,149.0,145.0,27.2,22.0,34.3,16.0,43.2,20,0.2799,LOW,1752.89,1103.52,high,xgboost_regressor,0,"Supplier Lead Time & Delivery (+36%), Stock-Out History & Volatility (+21%), Upcoming Calendar & Events (+21%), Low Stock & Buffer Deficit (+21%)",ROUTINE: Place scheduled replenishment order for 20 units.
S05,Store S05 (Tiruchirappalli),Tiruchirappalli,P105,DairyDay Cheese (P105),Dairy,Cheese,DairyDay,5,15,2,14,120,140.0,102.0,26.9,20.4,36.3,29.2,56.1,37,0.2987,LOW,1709.53,819.88,high,xgboost_regressor,0,"Stock-Out History & Volatility (-50%), Product & Store Characteristics (-49%), Low Stock & Buffer Deficit (+44%), Promotion & Pricing (+29%)",ROUTINE: Place scheduled replenishment order for 37 units.
S01,Store S01 (Coimbatore),Coimbatore,P103,Amul Butter (P103),Dairy,Butter,Amul,7,22,2,17,90,58.0,53.2,50.8,38.6,68.6,29.2,80.0,51,0.3995,LOW,1700.7,1080.1,high,xgboost_regressor,0,"Supplier Lead Time & Delivery (-48%), Product & Store Characteristics (+36%), Low Stock & Buffer Deficit (+23%), Upcoming Calendar & Events (+20%)",ROUTINE: Place scheduled replenishment order for 51 units.
S04,Store S04 (Salem),Salem,P603,ShinyFloor Floor Cleaner (P603),Household,Floor Cleaner,ShinyFloor,9,18,4,23,730,175.0,127.5,31.3,25.6,38.8,11.5,42.8,16,0.311,LOW,1695.94,1239.93,high,xgboost_regressor,0,"Product & Store Characteristics (-59%), Promotion & Pricing (+36%), Supplier Lead Time & Delivery (+34%), Low Stock & Buffer Deficit (+29%)",ROUTINE: Place scheduled replenishment order for 16 units.
S01,Store S01 (Coimbatore),Coimbatore,P446,Slurpy Noodles (P446),Snacks,Noodles,Slurpy,46,60,3,65,270,14.0,14.0,168.6,138.2,205.6,29.1,197.7,92,0.5983,MEDIUM,1655.64,1411.89,high,xgboost_regressor,0,"Product & Store Characteristics (+49%), Stock-Out History & Volatility (+15%), Upcoming Calendar & Events (+12%), Low Stock & Buffer Deficit (+11%)",WARNING: Review buffer; place order for 92 units within 48 hours.
S04,Store S04 (Salem),Salem,P501,GoldGrain Rice (P501),Groceries,Rice,GoldGrain,56,0,3,50,365,68.0,66.0,92.0,76.3,112.2,28.9,120.9,65,0.2065,LOW,1647.47,1253.6,high,xgboost_regressor,0,"Product & Store Characteristics (-100%), Low Stock & Buffer Deficit (-94%), Promotion & Pricing (-56%), Upcoming Calendar & Events (+44%)",ROUTINE: Place scheduled replenishment order for 65 units.
S03,Store S03 (Madurai),Madurai,P206,PureBath Soap (P206),Personal Care,Soap,PureBath,14,29,5,45,1095,38.0,33.3,64.2,52.0,80.9,17.9,82.1,40,0.5993,MEDIUM,1638.64,1281.42,high,xgboost_regressor,0,"Product & Store Characteristics (+58%), Low Stock & Buffer Deficit (+33%), Recent Sales Velocity (+6%), Upcoming Calendar & Events (+3%)",WARNING: Review buffer; place order for 40 units within 48 hours.
S03,Store S03 (Madurai),Madurai,P443,Munchies Chips (P443),Snacks,Chips,Munchies,0,38,4,52,120,20.0,20.0,100.1,82.1,122.1,33.6,133.7,96,0.6068,MEDIUM,1622.46,1214.69,high,xgboost_regressor,0,"Product & Store Characteristics (+47%), Low Stock & Buffer Deficit (+26%), Stock-Out History & Volatility (+12%), Supplier Lead Time & Delivery (+7%)",WARNING: Review buffer; place order for 96 units within 48 hours.
S04,Store S04 (Salem),Salem,P101,Aavin Milk (P101),Dairy,Milk,Aavin,105,0,1,79,3,60.0,58.0,246.9,187.7,333.4,20.6,105.8,1,0.1038,LOW,1610.7,1486.68,high,xgboost_regressor,0,"Product & Store Characteristics (-100%), Recent Sales Velocity (-98%), Supplier Lead Time & Delivery (-58%), Low Stock & Buffer Deficit (-58%)",ROUTINE: Place scheduled replenishment order for 1 units.
S01,Store S01 (Coimbatore),Coimbatore,P702,FrostFresh Frozen Vegetables (P702),Frozen,Frozen Vegetables,FrostFresh,19,0,2,14,180,80.0,78.0,45.4,34.5,59.0,9.3,54.7,36,0.37,LOW,1577.2,1308.8,high,xgboost_regressor,0,"Product & Store Characteristics (+47%), Supplier Lead Time & Delivery (+30%), Low Stock & Buffer Deficit (-16%), Stock-Out History & Volatility (-14%)",ROUTINE: Place scheduled replenishment order for 36 units.
S05,Store S05 (Tiruchirappalli),Tiruchirappalli,P604,SoftTouch Tissue Paper (P604),Household,Tissue Paper,SoftTouch,24,19,4,25,1095,60.0,58.0,40.4,33.1,50.1,11.5,51.9,9,0.5223,MEDIUM,1571.92,1223.55,high,xgboost_regressor,0,"Product & Store Characteristics (+40%), Supplier Lead Time & Delivery (+24%), Upcoming Calendar & Events (+18%), Recent Sales Velocity (+15%)",WARNING: Review buffer; place order for 9 units within 48 hours.
S01,Store S01 (Coimbatore),Coimbatore,P604,SoftTouch Tissue Paper (P604),Household,Tissue Paper,SoftTouch,0,26,4,33,1095,60.0,60.0,44.6,36.6,55.3,11.5,56.1,30,0.4503,MEDIUM,1515.17,1204.46,high,xgboost_regressor,0,"Promotion & Pricing (-45%), Low Stock & Buffer Deficit (+34%), Product & Store Characteristics (+25%), Stock-Out History & Volatility (+15%)",WARNING: Review buffer; place order for 30 units within 48 hours.
S04,Store S04 (Salem),Salem,P503,Unknown Sugar (P503),Groceries,Sugar,Unknown,48,0,3,41,540,48.0,47.0,69.1,57.4,84.3,28.9,98.0,50,0.3289,LOW,1514.91,1068.17,high,xgboost_regressor,0,"Low Stock & Buffer Deficit (-44%), Upcoming Calendar & Events (+42%), Product & Store Characteristics (+22%), Supplier Lead Time & Delivery (+15%)",ROUTINE: Place scheduled replenishment order for 50 units.
S03,Store S03 (Madurai),Madurai,P604,SoftTouch Tissue Paper (P604),Household,Tissue Paper,SoftTouch,4,12,5,19,1095,60.0,46.4,26.2,21.5,32.5,12.9,39.1,24,0.8218,HIGH,1492.09,1000.19,high,xgboost_regressor,0,"Low Stock & Buffer Deficit (+31%), Product & Store Characteristics (+30%), Supplier Lead Time & Delivery (+21%), Promotion & Pricing (+8%)",CRITICAL: Raise replenishment order TODAY for 24 units (5d lead time).
S03,Store S03 (Madurai),Madurai,P333,AquaPure Packaged Water (P333),Beverages,Packaged Water,AquaPure,28,67,3,67,365,20.0,19.0,148.5,120.3,175.2,35.6,184.1,89,0.4164,MEDIUM,1456.29,1174.64,high,xgboost_regressor,0,"Product & Store Characteristics (+57%), Recent Sales Velocity (-21%), Supplier Lead Time & Delivery (-19%), Upcoming Calendar & Events (+13%)",WARNING: Review buffer; place order for 89 units within 48 hours.
S03,Store S03 (Madurai),Madurai,P445,ChocoMelt Chocolates (P445),Snacks,Chocolates,ChocoMelt,27,30,4,38,300,40.0,39.0,56.9,46.7,69.5,33.6,90.5,34,0.4095,MEDIUM,1445.81,909.2,high,xgboost_regressor,0,"Product & Store Characteristics (+84%), Supplier Lead Time & Delivery (+14%), Low Stock & Buffer Deficit (-12%), Recent Sales Velocity (-10%)",WARNING: Review buffer; place order for 34 units within 48 hours.
S04,Store S04 (Salem),Salem,P105,DairyDay Cheese (P105),Dairy,Cheese,DairyDay,18,0,2,13,120,140.0,136.0,21.8,16.6,29.4,29.2,51.0,33,0.2045,LOW,1418.41,606.3,high,xgboost_regressor,0,"Product & Store Characteristics (-78%), Supplier Lead Time & Delivery (+49%), Promotion & Pricing (-36%), Stock-Out History & Volatility (+23%)",ROUTINE: Place scheduled replenishment order for 33 units.
S04,Store S04 (Salem),Salem,P205,GlowCare Shampoo (P205),Personal Care,Shampoo,GlowCare,22,27,4,37,730,120.0,116.0,43.2,35.0,54.5,16.0,59.2,11,0.2044,LOW,1404.37,1025.0,high,xgboost_regressor,0,"Product & Store Characteristics (-47%), Upcoming Calendar & Events (+31%), Recent Sales Velocity (-21%), Promotion & Pricing (+19%)",ROUTINE: Place scheduled replenishment order for 11 units.
S03,Store S03 (Madurai),Madurai,P603,ShinyFloor Floor Cleaner (P603),Household,Floor Cleaner,ShinyFloor,15,13,5,20,730,175.0,170.0,22.8,18.7,28.3,12.9,35.7,8,0.2303,LOW,1398.87,893.82,high,xgboost_regressor,0,"Recent Sales Velocity (-100%), Stock-Out History & Volatility (-100%), Product & Store Characteristics (-100%), Supplier Lead Time & Delivery (+45%)",ROUTINE: Place scheduled replenishment order for 8 units.
S03,Store S03 (Madurai),Madurai,P103,Amul Butter (P103),Dairy,Butter,Amul,11,11,3,13,90,58.0,56.0,27.3,20.8,36.9,35.7,63.0,41,0.3945,LOW,1392.24,603.55,high,xgboost_regressor,0,"Supplier Lead Time & Delivery (+38%), Product & Store Characteristics (+37%), Recent Sales Velocity (-31%), Upcoming Calendar & Events (+22%)",ROUTINE: Place scheduled replenishment order for 41 units.
S06,Store S06 (Tiruppur),Tiruppur,P603,ShinyFloor Floor Cleaner (P603),Household,Floor Cleaner,ShinyFloor,15,11,5,18,730,175.0,170.0,22.3,18.3,27.6,12.9,35.2,10,0.2325,LOW,1391.28,881.41,high,xgboost_regressor,0,"Stock-Out History & Volatility (-100%), Product & Store Characteristics (-100%), Recent Sales Velocity (-100%), Low Stock & Buffer Deficit (-62%)",ROUTINE: Place scheduled replenishment order for 10 units.
S05,Store S05 (Tiruchirappalli),Tiruchirappalli,P702,FrostFresh Frozen Vegetables (P702),Frozen,Frozen Vegetables,FrostFresh,19,0,2,13,180,80.0,78.0,38.9,29.6,50.6,9.3,48.2,30,0.3683,LOW,1385.52,1118.36,high,xgboost_regressor,0,"Product & Store Characteristics (+39%), Supplier Lead Time & Delivery (+34%), Upcoming Calendar & Events (+20%), Low Stock & Buffer Deficit (-5%)",ROUTINE: Place scheduled replenishment order for 30 units.
S01,Store S01 (Coimbatore),Coimbatore,P104,FreshFarm Paneer (P104),Dairy,Paneer,FreshFarm,19,29,2,24,15,90.0,78.3,68.0,51.6,91.8,29.2,97.2,50,0.1775,LOW,1350.35,944.53,high,xgboost_regressor,0,"Product & Store Characteristics (-100%), Stock-Out History & Volatility (-65%), Promotion & Pricing (-55%), Supplier Lead Time & Delivery (-52%)",ROUTINE: Place scheduled replenishment order for 50 units.
S03,Store S03 (Madurai),Madurai,P701,ArcticJoy Ice Cream (P701),Frozen,Ice Cream,ArcticJoy,32,0,3,27,180,50.0,48.0,48.8,37.1,63.5,11.4,60.2,29,0.4596,MEDIUM,1328.72,1077.23,high,xgboost_regressor,0,"Product & Store Characteristics (+40%), Supplier Lead Time & Delivery (+21%), Upcoming Calendar & Events (+19%), Recent Sales Velocity (+14%)",WARNING: Review buffer; place order for 29 units within 48 hours.
S01,Store S01 (Coimbatore),Coimbatore,P333,AquaPure Packaged Water (P333),Beverages,Packaged Water,AquaPure,60,119,2,96,365,20.0,19.0,273.7,221.7,323.0,29.0,302.7,124,0.2303,LOW,1324.57,1197.67,high,xgboost_regressor,0,"Supplier Lead Time & Delivery (-100%), Recent Sales Velocity (-100%), Product & Store Characteristics (+36%), Weather Conditions (-24%)",ROUTINE: Place scheduled replenishment order for 124 units.
S04,Store S04 (Salem),Salem,P703,CrunchyBite Frozen Snacks (P703),Frozen,Frozen Snacks,CrunchyBite,7,12,2,12,150,220.0,213.0,22.5,17.1,29.3,9.3,31.8,13,0.1937,LOW,1313.66,929.96,high,xgboost_regressor,0,"Product & Store Characteristics (-100%), Recent Sales Velocity (-35%), Stock-Out History & Volatility (-26%), Supplier Lead Time & Delivery (+14%)",ROUTINE: Place scheduled replenishment order for 13 units.
S03,Store S03 (Madurai),Madurai,P447,Munchies Chips (P447),Snacks,Chips,Munchies,37,29,4,42,120,30.0,29.0,85.0,59.5,114.7,33.6,118.6,53,0.3649,LOW,1254.72,899.16,low,fallback_sparse_history,0,"Product & Store Characteristics (+78%), Upcoming Calendar & Events (+15%)",ROUTINE: Place scheduled replenishment order for 53 units.
S04,Store S04 (Salem),Salem,P207,SmileMax Toothpaste (P207),Personal Care,Toothpaste,SmileMax,34,35,4,46,730,95.0,92.0,57.1,46.3,72.0,16.0,73.2,5,0.1843,LOW,1240.3,969.01,high,xgboost_regressor,0,"Product & Store Characteristics (-100%), Stock-Out History & Volatility (-52%), Low Stock & Buffer Deficit (-35%), Recent Sales Velocity (+25%)",ROUTINE: Place scheduled replenishment order for 5 units.
S06,Store S06 (Tiruppur),Tiruppur,P447,Munchies Chips (P447),Snacks,Chips,Munchies,26,32,4,42,120,30.0,29.0,80.6,56.4,108.8,33.6,114.2,57,0.3685,LOW,1220.18,861.12,low,fallback_sparse_history,0,"Product & Store Characteristics (+66%), Upcoming Calendar & Events (+17%), Promotion & Pricing (+7%), Weather Conditions (+4%)",ROUTINE: Place scheduled replenishment order for 57 units.
S05,Store S05 (Tiruchirappalli),Tiruchirappalli,P103,Amul Butter (P103),Dairy,Butter,Amul,16,18,2,16,90,58.0,56.0,41.8,31.8,56.4,29.2,71.0,37,0.3044,LOW,1210.46,712.71,high,xgboost_regressor,0,"Upcoming Calendar & Events (+45%), Stock-Out History & Volatility (+23%), Product & Store Characteristics (+17%), Promotion & Pricing (-17%)",ROUTINE: Place scheduled replenishment order for 37 units.
S05,Store S05 (Tiruchirappalli),Tiruchirappalli,P443,Munchies Chips (P443),Snacks,Chips,Munchies,37,77,3,83,120,20.0,17.1,159.6,130.9,194.7,29.1,188.7,75,0.3748,LOW,1209.39,1022.89,high,xgboost_regressor,0,"Product & Store Characteristics (+65%), Supplier Lead Time & Delivery (-32%), Stock-Out History & Volatility (+22%), Promotion & Pricing (-13%)",ROUTINE: Place scheduled replenishment order for 75 units.
S03,Store S03 (Madurai),Madurai,P446,Slurpy Noodles (P446),Snacks,Noodles,Slurpy,0,41,4,56,270,14.0,14.0,102.5,84.0,125.0,33.6,136.1,96,0.6185,MEDIUM,1178.49,887.55,high,xgboost_regressor,0,"Product & Store Characteristics (+62%), Recent Sales Velocity (-22%), Low Stock & Buffer Deficit (+21%), Promotion & Pricing (-17%)",WARNING: Review buffer; place order for 96 units within 48 hours.
S06,Store S06 (Tiruppur),Tiruppur,P333,AquaPure Packaged Water (P333),Beverages,Packaged Water,AquaPure,32,66,3,75,365,20.0,18.05,141.3,114.4,166.7,35.6,176.9,79,0.3563,LOW,1137.55,908.6,high,xgboost_regressor,0,"Product & Store Characteristics (+94%), Recent Sales Velocity (-30%), Supplier Lead Time & Delivery (-11%), Upcoming Calendar & Events (+4%)",ROUTINE: Place scheduled replenishment order for 79 units.
S05,Store S05 (Tiruchirappalli),Tiruchirappalli,P333,AquaPure Packaged Water (P333),Beverages,Packaged Water,AquaPure,37,115,2,99,365,20.0,18.05,254.0,205.8,299.8,29.0,283.0,131,0.2224,LOW,1136.17,1019.76,high,xgboost_regressor,0,"Supplier Lead Time & Delivery (-100%), Recent Sales Velocity (-67%), Product & Store Characteristics (-35%), Low Stock & Buffer Deficit (+35%)",ROUTINE: Place scheduled replenishment order for 131 units.
S05,Store S05 (Tiruchirappalli),Tiruchirappalli,P104,FreshFarm Paneer (P104),Dairy,Paneer,FreshFarm,12,28,2,23,15,90.0,87.0,52.0,39.5,70.2,29.2,81.2,42,0.1604,LOW,1132.71,725.23,high,xgboost_regressor,0,"Product & Store Characteristics (-100%), Supplier Lead Time & Delivery (-79%), Upcoming Calendar & Events (+34%), Recent Sales Velocity (-24%)",ROUTINE: Place scheduled replenishment order for 42 units.
S06,Store S06 (Tiruppur),Tiruppur,P446,Slurpy Noodles (P446),Snacks,Noodles,Slurpy,24,40,4,54,270,14.0,14.0,88.4,72.5,107.8,33.6,122.0,58,0.6627,MEDIUM,1131.89,820.16,high,xgboost_regressor,0,"Product & Store Characteristics (+65%), Upcoming Calendar & Events (+12%), Low Stock & Buffer Deficit (+9%), Stock-Out History & Volatility (+8%)",WARNING: Review buffer; place order for 58 units within 48 hours.
S05,Store S05 (Tiruchirappalli),Tiruchirappalli,P701,ArcticJoy Ice Cream (P701),Frozen,Ice Cream,ArcticJoy,28,31,2,28,180,50.0,36.0,69.5,52.8,90.4,9.3,78.8,20,0.3952,LOW,1121.53,989.22,high,xgboost_regressor,0,"Product & Store Characteristics (+55%), Upcoming Calendar & Events (+19%), Promotion & Pricing (+18%), Low Stock & Buffer Deficit (-15%)",ROUTINE: Place scheduled replenishment order for 20 units.
S01,Store S01 (Coimbatore),Coimbatore,P102,Aavin Curd (P102),Dairy,Curd,Aavin,16,36,1,37,7,35.0,34.0,172.1,130.8,232.3,20.6,172.1,121,0.1711,LOW,1120.9,1001.06,high,xgboost_regressor,0,"Product & Store Characteristics (-100%), Supplier Lead Time & Delivery (-100%), Promotion & Pricing (-41%), Upcoming Calendar & Events (+35%)",ROUTINE: Place scheduled replenishment order for 121 units.
S06,Store S06 (Tiruppur),Tiruppur,P604,SoftTouch Tissue Paper (P604),Household,Tissue Paper,SoftTouch,20,0,5,19,1095,60.0,58.0,26.2,21.5,32.5,12.9,39.1,20,0.474,MEDIUM,1075.49,720.84,high,xgboost_regressor,0,"Product & Store Characteristics (+56%), Supplier Lead Time & Delivery (+27%), Low Stock & Buffer Deficit (-23%), Upcoming Calendar & Events (+17%)",WARNING: Review buffer; place order for 20 units within 48 hours.
S05,Store S05 (Tiruchirappalli),Tiruchirappalli,P506,FreshBake Bread (P506),Groceries,Bread,FreshBake,44,52,1,58,4,40.0,39.0,209.2,173.6,255.2,16.7,119.5,23,0.1195,LOW,1052.62,974.79,high,xgboost_regressor,0,"Promotion & Pricing (-100%), Supplier Lead Time & Delivery (-95%), Product & Store Characteristics (-95%), Low Stock & Buffer Deficit (-73%)",ROUTINE: Place scheduled replenishment order for 23 units.
S06,Store S06 (Tiruppur),Tiruppur,P702,FrostFresh Frozen Vegetables (P702),Frozen,Frozen Vegetables,FrostFresh,5,8,3,11,180,80.0,78.0,23.8,18.1,31.0,11.4,35.2,22,0.3812,LOW,1047.81,708.85,high,xgboost_regressor,0,"Product & Store Characteristics (+48%), Recent Sales Velocity (-47%), Supplier Lead Time & Delivery (+35%), Stock-Out History & Volatility (-27%)",ROUTINE: Place scheduled replenishment order for 22 units.
S06,Store S06 (Tiruppur),Tiruppur,P701,ArcticJoy Ice Cream (P701),Frozen,Ice Cream,ArcticJoy,16,23,3,25,180,50.0,48.0,44.6,33.9,58.0,11.4,56.0,17,0.3659,LOW,983.71,783.49,high,xgboost_regressor,0,"Product & Store Characteristics (+74%), Upcoming Calendar & Events (+26%), Recent Sales Velocity (-8%), Low Stock & Buffer Deficit (-8%)",ROUTINE: Place scheduled replenishment order for 17 units.
S04,Store S04 (Salem),Salem,P506,FreshBake Bread (P506),Groceries,Bread,FreshBake,56,0,1,45,4,40.0,39.0,162.7,135.0,198.5,16.7,93.0,37,0.1405,LOW,982.86,891.35,high,xgboost_regressor,0,"Product & Store Characteristics (-100%), Low Stock & Buffer Deficit (-28%), Recent Sales Velocity (-26%), Upcoming Calendar & Events (+16%)",ROUTINE: Place scheduled replenishment order for 37 units.
S04,Store S04 (Salem),Salem,P104,FreshFarm Paneer (P104),Dairy,Paneer,FreshFarm,16,26,2,23,15,90.0,87.0,41.9,31.8,56.6,29.2,71.1,30,0.153,LOW,946.41,557.73,high,xgboost_regressor,0,Product & Store Characteristics (-100%),ROUTINE: Place scheduled replenishment order for 30 units.
S06,Store S06 (Tiruppur),Tiruppur,P102,Aavin Curd (P102),Dairy,Curd,Aavin,24,25,2,37,7,35.0,34.0,87.2,66.2,117.7,29.2,87.2,39,0.2342,LOW,926.55,694.04,high,xgboost_regressor,0,"Weather Conditions (-72%), Supplier Lead Time & Delivery (-62%), Product & Store Characteristics (-52%), Promotion & Pricing (-39%)",ROUTINE: Place scheduled replenishment order for 39 units.
S04,Store S04 (Salem),Salem,P604,SoftTouch Tissue Paper (P604),Household,Tissue Paper,SoftTouch,26,0,4,24,1095,60.0,58.0,28.7,23.6,35.6,11.5,40.2,15,0.3721,LOW,868.45,620.26,high,xgboost_regressor,0,"Supplier Lead Time & Delivery (+38%), Product & Store Characteristics (+35%), Upcoming Calendar & Events (+22%), Low Stock & Buffer Deficit (-19%)",ROUTINE: Place scheduled replenishment order for 15 units.
S04,Store S04 (Salem),Salem,P702,FrostFresh Frozen Vegetables (P702),Frozen,Frozen Vegetables,FrostFresh,8,16,2,13,180,80.0,70.2,31.3,23.8,40.7,9.3,40.6,17,0.2862,LOW,815.7,628.86,high,xgboost_regressor,0,"Stock-Out History & Volatility (-40%), Supplier Lead Time & Delivery (+36%), Low Stock & Buffer Deficit (+25%), Recent Sales Velocity (-25%)",ROUTINE: Place scheduled replenishment order for 17 units.
S04,Store S04 (Salem),Salem,P701,ArcticJoy Ice Cream (P701),Frozen,Ice Cream,ArcticJoy,12,31,2,30,180,50.0,36.0,56.1,42.6,72.9,9.3,65.4,22,0.3195,LOW,752.23,645.26,high,xgboost_regressor,0,"Promotion & Pricing (+33%), Supplier Lead Time & Delivery (-25%), Stock-Out History & Volatility (-25%), Recent Sales Velocity (+23%)",ROUTINE: Place scheduled replenishment order for 22 units.
S04,Store S04 (Salem),Salem,P447,Munchies Chips (P447),Snacks,Chips,Munchies,60,0,3,58,120,30.0,29.0,102.5,71.7,138.3,29.1,131.6,72,0.1923,LOW,733.61,571.33,low,fallback_sparse_history,0,"Product & Store Characteristics (-100%), Low Stock & Buffer Deficit (-58%), Promotion & Pricing (-39%), Upcoming Calendar & Events (+39%)",ROUTINE: Place scheduled replenishment order for 72 units.
S04,Store S04 (Salem),Salem,P705,ArcticJoy Ice Cream (P705),Frozen,Ice Cream,ArcticJoy,11,22,2,21,180,70.0,68.0,44.3,31.0,59.8,9.3,53.6,21,0.1972,LOW,718.75,594.05,low,fallback_sparse_history,0,"Product & Store Characteristics (-58%), Recent Sales Velocity (-58%), Supplier Lead Time & Delivery (-48%), Low Stock & Buffer Deficit (+39%)",ROUTINE: Place scheduled replenishment order for 21 units.
S05,Store S05 (Tiruchirappalli),Tiruchirappalli,P446,Slurpy Noodles (P446),Snacks,Noodles,Slurpy,89,0,3,77,270,14.0,14.0,145.1,119.0,177.0,29.1,174.2,86,0.2769,LOW,675.23,562.42,high,xgboost_regressor,0,"Low Stock & Buffer Deficit (-98%), Product & Store Characteristics (+62%), Recent Sales Velocity (-54%), Upcoming Calendar & Events (+24%)",ROUTINE: Place scheduled replenishment order for 86 units.
S04,Store S04 (Salem),Salem,P333,AquaPure Packaged Water (P333),Beverages,Packaged Water,AquaPure,100,0,2,74,365,20.0,19.0,196.4,159.1,231.8,29.0,225.4,126,0.146,LOW,625.37,544.92,high,xgboost_regressor,0,"Product & Store Characteristics (-100%), Recent Sales Velocity (-83%), Low Stock & Buffer Deficit (-42%), Weather Conditions (-42%)",ROUTINE: Place scheduled replenishment order for 126 units.
S04,Store S04 (Salem),Salem,P206,PureBath Soap (P206),Personal Care,Soap,PureBath,67,48,4,68,1095,38.0,31.45,84.5,68.4,106.4,16.0,100.5,0,0.1791,LOW,565.97,475.85,high,xgboost_regressor,0,"Product & Store Characteristics (-99%), Low Stock & Buffer Deficit (-29%), Supplier Lead Time & Delivery (-17%), Recent Sales Velocity (-17%)",HEALTHY: No replenishment required. Current inventory and pipeline cover forecast demand.
S04,Store S04 (Salem),Salem,P102,Aavin Curd (P102),Dairy,Curd,Aavin,22,29,1,34,7,35.0,34.0,101.9,77.5,137.6,20.6,101.9,51,0.1327,LOW,552.88,459.93,high,xgboost_regressor,0,"Product & Store Characteristics (-100%), Stock-Out History & Volatility (+50%), Upcoming Calendar & Events (+50%), Recent Sales Velocity (-35%)",ROUTINE: Place scheduled replenishment order for 51 units.
S05,Store S05 (Tiruchirappalli),Tiruchirappalli,P102,Aavin Curd (P102),Dairy,Curd,Aavin,31,32,1,44,7,35.0,34.0,131.2,99.7,177.1,20.6,131.2,69,0.0922,LOW,475.71,411.13,high,xgboost_regressor,0,"Product & Store Characteristics (-100%), Promotion & Pricing (-88%), Low Stock & Buffer Deficit (-71%), Supplier Lead Time & Delivery (-49%)",ROUTINE: Place scheduled replenishment order for 69 units.
S04,Store S04 (Salem),Salem,P443,Munchies Chips (P443),Snacks,Chips,Munchies,78,0,3,73,120,20.0,19.0,125.8,103.1,153.4,29.1,154.8,77,0.1405,LOW,413.37,335.69,high,xgboost_regressor,0,"Promotion & Pricing (-88%), Product & Store Characteristics (-53%), Low Stock & Buffer Deficit (-28%), Recent Sales Velocity (-25%)",ROUTINE: Place scheduled replenishment order for 77 units.
S04,Store S04 (Salem),Salem,P446,Slurpy Noodles (P446),Snacks,Noodles,Slurpy,56,65,3,75,270,14.0,14.0,112.2,92.0,136.8,29.1,141.3,20,0.1668,LOW,329.87,261.92,high,xgboost_regressor,0,"Product & Store Characteristics (-93%), Recent Sales Velocity (-41%), Upcoming Calendar & Events (+28%)",ROUTINE: Place scheduled replenishment order for 20 units.
