feature,importance_mean,importance_std
promo_days_next_7,0.05099113197704758,0.0005297991653624989
max_discount_next_7,0.03170644235785092,0.0030239306207615613
incoming_stock_est,0.0249372391757956,0.0011125782472612977
product_id,0.02386133933229012,0.00025674882629106444
store_id,0.02163210745957239,0.0037330464267084085
price_change,0.015339723526343385,0.0017931664058424834
days_since_last_stockout,0.010229199269692402,0.0004645931142410187
rolling_mean_14,0.009491555816379837,0.0004197639540949316
demand_today,0.006887389149713208,0.0030076291079812467
lead_days,0.0065613588941054735,0.0020458398539384692
stock_vs_leadtime_demand,0.005114599634846173,0.003443694574856604
days_to_next_festival,0.004918981481481566,0.0014630607720396704
rolling_std_7,0.004075378195096624,0.000774321857068383
sales_growth_7,0.004059076682316198,0.0001467136150234971
current_stock,0.0039612676056339224,0.0013856285863327877
rolling_mean_7,0.0038838354199270397,0.0013000456442357478
holiday_days_next_7,0.0037574986958791023,0.00022007042253519016
day_of_month,0.0034477699530517936,2.445226917052734e-05
store_type,0.0033214332290038007,0.0005827790818987433
promo_days_last_7,0.003321433229003745,0.00024044731351063886
sub_category,0.0033092070944184537,0.000733568075117319
temp_mean_3,0.0032969809598331623,4.075378195078638e-06
rolling_max_7,0.002828312467397065,0.00023637193531561573
category,0.0026123174230569535,0.0006968896713614448
cost_price,0.002543035993740339,0.0006846635367761533
mrp,0.002147724308815935,0.0010555229525299747
floor_area_sqft,0.0020988197704748246,0.00015078899321846473
city,0.0020499152321336034,0.00044421622326551446
stockouts_last_14,0.001996935315597359,8.150756390101765e-06
discount_pct,0.0018420709441837047,0.00013041210224301603
shelf_life_days,0.001793166405842539,8.150756390212788e-06
temp_c,0.0015201160667711044,0.00019154277516958418
history_days,0.0015038145539906789,0.0010147691705790218
avg_received_last_7,0.0012837441314554887,0.0001344874804382057
reorder_gap,0.0011981611893584487,0.00026897496087630035
festival_days_next_7,0.0011574074074075513,0.0007009650495566344
temp_change_3,0.001035146061554637,7.335680751174856e-05
lag_7,0.0006602112676057925,2.445226917052734e-05
avg_daily_customers,0.0005053468961921381,0.0001956181533646073
inventory_to_demand_ratio,0.0003178794992176326,0.00026897496087635586
week_no,0.00022822117892545846,0.0001548643714137099
days_of_inventory,0.00021599504434022254,0.0002893518518518601
holiday_flag,0.00019561815336477384,0.00016301512780381167
lag_1,0.00019561815336471833,0.00013041210224301603
promotion_flag,0.00018746739697456105,8.150756390212788e-06
rain_mm,0.0001548643714137654,8.150756390268299e-06
lag_14,0.0001141105894628125,1.6301512780370064e-05
weekend_flag,2.4452269170582852e-05,2.4452269170582852e-05
weekend_days_next_7,0.0,0.0
month,0.0,0.0
is_salary_week,0.0,0.0
festival_flag,-4.0753781950897405e-05,4.0753781950897405e-05
local_event_flag,-6.520605112142475e-05,8.150756390196134e-05
day_of_week,-0.00012226134585280324,0.00018746739697450554
