date,city,temp_c,rain_mm,holiday,festival,weekend,local_event
2026-05-01,Chennai,33.9,0.0,1,0,0,0
2026-05-01,Coimbatore,32.5,0.0,1,0,0,0
2026-05-01,Madurai,,0.0,1,0,0,0
2026-05-01,Salem,30.0,0.0,1,0,0,0
2026-05-01,Tiruchirappalli,31.9,0.0,1,0,0,0
2026-05-01,Tiruppur,32.7,0.0,1,0,0,0
2026-05-02,Chennai,35.3,0.0,0,0,1,0
2026-05-02,Coimbatore,33.4,11.6,0,0,1,0
2026-05-02,Madurai,38.5,0.0,0,0,1,0
2026-05-02,Salem,34.0,1.9,0,0,1,0
2026-05-02,Tiruchirappalli,35.4,0.0,0,0,1,0
2026-05-02,Tiruppur,31.2,0.0,0,0,1,0
2026-05-03,Chennai,36.2,7.7,0,0,1,1
2026-05-03,Coimbatore,31.5,0.0,0,0,1,0
2026-05-03,Madurai,36.4,0.0,0,0,1,0
2026-05-03,Salem,34.5,0.0,0,0,1,0
2026-05-03,Tiruchirappalli,35.7,0.0,0,0,1,0
2026-05-03,Tiruppur,31.8,0.0,0,0,1,0
2026-05-04,Chennai,34.9,0.0,0,0,0,0
2026-05-04,Coimbatore,33.3,0.0,0,0,0,0
2026-05-04,Madurai,36.3,0.0,0,0,0,0
2026-05-04,Salem,33.4,0.0,0,0,0,0
2026-05-05,Chennai,37.2,0.0,0,0,0,0
2026-05-05,Coimbatore,33.7,0.0,0,0,0,0
2026-05-05,Madurai,36.1,0.0,0,0,0,1
2026-05-05,Salem,33.2,0.0,0,0,0,0
2026-05-05,Tiruchirappalli,34.3,7.3,0,0,0,0
2026-05-05,Tiruppur,32.7,0.0,0,0,0,0
2026-05-06,Chennai,35.6,1.4,0,0,0,0
2026-05-06,Coimbatore,32.6,7.2,0,0,0,0
2026-05-06,Madurai,35.9,0.0,0,0,0,0
2026-05-06,Salem,29.3,0.0,0,0,0,0
2026-05-06,Tiruppur,32.8,0.0,0,0,0,0
2026-05-07,Chennai,34.1,0.0,0,0,0,0
2026-05-07,Coimbatore,31.7,0.0,0,0,0,0
2026-05-07,Madurai,36.0,0.0,0,0,0,0
2026-05-07,Salem,32.5,0.0,0,0,0,0
2026-05-07,Tiruchirappalli,35.6,0.0,0,0,0,0
2026-05-07,Tiruppur,27.4,0.0,0,0,0,0
2026-05-08,Chennai,35.0,0.0,0,0,0,0
2026-05-08,Coimbatore,31.8,0.0,0,0,0,0
2026-05-08,Madurai,35.7,0.0,0,0,0,0
2026-05-08,Salem,31.5,0.0,0,0,0,0
2026-05-08,Tiruchirappalli,35.8,0.0,0,0,0,0
2026-05-08,Tiruppur,31.5,0.0,0,0,0,0
2026-05-09,Chennai,36.3,0.0,0,0,1,0
2026-05-09,Coimbatore,32.8,1.4,0,0,1,0
2026-05-09,Madurai,34.9,0.0,0,0,1,0
2026-05-09,Salem,35.7,1.5,0,0,1,0
2026-05-09,Tiruchirappalli,33.3,0.0,0,0,1,0
2026-05-09,Tiruppur,33.5,0.0,0,0,1,0
2026-05-10,Chennai,35.9,0.0,0,0,1,0
2026-05-10,Coimbatore,35.2,0.0,0,0,1,0
2026-05-10,Madurai,36.6,0.0,0,0,1,1
2026-05-10,Salem,,0.0,0,0,1,0
2026-05-10,Tiruchirappalli,36.6,0.0,0,0,1,0
2026-05-10,Tiruppur,31.9,0.0,0,0,1,0
2026-05-11,Chennai,38.0,0.0,0,0,0,0
2026-05-11,Coimbatore,30.8,0.0,0,0,0,0
2026-05-11,Madurai,37.5,0.0,0,0,0,0
2026-05-11,Salem,32.9,0.0,0,0,0,0
2026-05-11,Tiruchirappalli,35.1,0.0,0,0,0,0
2026-05-11,Tiruppur,30.5,0.0,0,0,0,0
2026-05-12,Chennai,35.1,0.0,0,0,0,0
2026-05-12,Coimbatore,31.8,0.0,0,0,0,0
2026-05-12,Madurai,36.1,0.0,0,0,0,0
2026-05-12,Salem,33.2,0.0,0,0,0,0
2026-05-12,Tiruchirappalli,35.1,0.0,0,0,0,0
2026-05-12,Tiruppur,29.4,0.0,0,0,0,0
2026-05-13,Chennai,35.5,0.0,0,0,0,0
2026-05-13,Coimbatore,33.0,0.0,0,0,0,0
2026-05-13,Madurai,,0.0,0,0,0,0
2026-05-13,Salem,31.0,0.0,0,0,0,0
2026-05-13,Tiruchirappalli,37.2,0.0,0,0,0,0
2026-05-13,Tiruppur,33.9,0.0,0,0,0,0
2026-05-14,Chennai,33.9,11.0,0,0,0,0
2026-05-14,Coimbatore,30.2,0.0,0,0,0,0
2026-05-14,Madurai,37.6,0.0,0,0,0,0
2026-05-14,Salem,33.9,4.3,0,0,0,0
2026-05-14,Tiruchirappalli,36.2,0.0,0,0,0,0
2026-05-14,Tiruppur,,0.0,0,0,0,0
2026-05-15,Chennai,35.8,0.0,0,0,0,0
2026-05-15,Coimbatore,32.3,0.0,0,0,0,0
2026-05-15,Salem,33.5,0.0,0,0,0,0
2026-05-15,Tiruchirappalli,34.6,0.0,0,0,0,0
2026-05-15,Tiruppur,30.8,0.0,0,0,0,0
2026-05-16,Chennai,35.1,0.0,0,0,1,0
2026-05-16,Coimbatore,33.3,0.0,0,0,1,0
2026-05-16,Madurai,35.1,0.0,0,0,1,0
2026-05-16,Salem,35.3,0.0,0,0,1,0
2026-05-16,Tiruchirappalli,36.2,0.0,0,0,1,0
2026-05-16,Tiruppur,30.2,0.0,0,0,1,0
2026-05-17,Chennai,35.0,0.0,0,0,1,0
2026-05-17,Coimbatore,32.1,0.0,0,0,1,0
2026-05-17,Madurai,35.1,0.0,0,0,1,0
2026-05-17,Salem,34.1,,0,0,1,0
2026-05-17,Tiruchirappalli,36.0,0.0,0,0,1,0
2026-05-17,Tiruppur,29.3,0.0,0,0,1,0
2026-05-18,Chennai,36.5,0.0,0,0,0,0
2026-05-18,Coimbatore,29.8,0.0,0,0,0,0
2026-05-18,Madurai,36.4,0.0,0,0,0,0
2026-05-18,Salem,31.2,0.0,0,0,0,0
2026-05-18,Tiruchirappalli,36.0,0.0,0,0,0,0
2026-05-18,Tiruppur,30.7,0.0,0,0,0,0
2026-05-19,Chennai,35.5,0.0,0,0,0,0
2026-05-19,Coimbatore,31.0,0.0,0,0,0,0
2026-05-19,Madurai,35.3,0.0,0,0,0,0
2026-05-19,Salem,31.4,0.0,0,0,0,0
2026-05-19,Tiruchirappalli,36.0,0.0,0,0,0,0
2026-05-19,Tiruppur,32.4,0.0,0,0,0,0
2026-05-20,Chennai,35.5,0.0,0,0,0,0
2026-05-20,Coimbatore,30.7,,0,0,0,0
2026-05-20,Madurai,36.5,0.0,0,0,0,0
2026-05-20,Salem,33.6,0.0,0,0,0,0
2026-05-20,Tiruchirappalli,36.5,0.0,0,0,0,0
2026-05-20,Tiruppur,32.3,0.0,0,0,0,0
2026-05-21,Chennai,35.8,0.0,0,0,0,0
2026-05-21,Coimbatore,31.5,0.0,0,0,0,0
2026-05-21,Madurai,33.2,0.0,0,0,0,0
2026-05-21,Salem,32.0,0.0,0,0,0,0
2026-05-21,Tiruchirappalli,36.8,6.8,0,0,0,0
2026-05-21,Tiruppur,30.2,0.0,0,0,0,0
2026-05-22,Chennai,39.1,0.0,0,0,0,0
2026-05-22,Coimbatore,33.1,0.0,0,0,0,1
2026-05-22,Madurai,35.8,0.0,0,0,0,0
2026-05-22,Salem,99.9,0.0,0,0,0,0
2026-05-22,Tiruchirappalli,32.5,0.0,0,0,0,0
2026-05-22,Tiruppur,32.2,0.0,0,0,0,0
2026-05-23,Chennai,37.6,0.0,0,0,1,0
2026-05-23,Coimbatore,31.3,0.0,0,0,1,0
2026-05-23,Coimbatore,31.3,0.0,0,0,1,0
2026-05-23,Madurai,36.6,0.0,0,0,1,0
2026-05-23,Salem,32.3,0.0,0,0,1,0
2026-05-23,Tiruchirappalli,35.3,0.0,0,0,1,0
2026-05-23,Tiruppur,31.6,0.0,0,0,1,0
2026-05-24,Chennai,36.0,0.0,0,0,1,0
2026-05-24,Coimbatore,30.1,0.0,0,0,1,0
2026-05-24,Madurai,35.4,0.0,0,0,1,0
2026-05-24,Salem,29.0,4.8,0,0,1,0
2026-05-24,Tiruchirappalli,35.7,0.0,0,0,1,0
2026-05-24,Tiruppur,32.4,0.0,0,0,1,0
2026-05-25,Chennai,33.6,0.0,0,0,0,0
2026-05-25,Coimbatore,32.7,0.0,0,0,0,0
2026-05-25,Madurai,35.5,0.0,0,0,0,0
2026-05-25,Salem,31.2,0.0,0,0,0,0
2026-05-25,Tiruchirappalli,36.7,0.0,0,0,0,0
2026-05-25,Tiruppur,33.2,0.0,0,0,0,0
2026-05-26,Chennai,,0.0,0,0,0,0
2026-05-26,Coimbatore,31.4,0.0,0,0,0,0
2026-05-26,Madurai,35.5,0.0,0,0,0,0
2026-05-26,Salem,34.9,0.0,0,0,0,0
2026-05-26,Tiruchirappalli,38.4,0.0,0,0,0,0
2026-05-26,Tiruppur,32.2,0.0,0,0,0,0
2026-05-27,Chennai,37.7,0.0,0,1,0,0
2026-05-27,Coimbatore,31.5,0.0,0,1,0,0
2026-05-27,Madurai,38.6,,0,1,0,0
2026-05-27,Salem,31.6,,0,1,0,0
2026-05-27,Tiruchirappalli,37.7,0.0,0,1,0,0
2026-05-27,Tiruppur,33.2,0.2,0,1,0,0
2026-05-28,Chennai,35.4,0.0,0,0,0,0
2026-05-28,Coimbatore,31.5,13.7,0,0,0,0
2026-05-28,Madurai,36.5,0.0,0,0,0,0
2026-05-28,Salem,32.1,0.0,0,0,0,0
2026-05-28,Tiruchirappalli,35.5,0.0,0,0,0,0
2026-05-28,Tiruppur,32.7,0.0,0,0,0,0
2026-05-29,Chennai,36.9,0.0,0,0,0,0
2026-05-29,Coimbatore,31.3,0.0,0,0,0,0
2026-05-29,Madurai,34.9,0.0,0,0,0,0
2026-05-29,Salem,32.2,0.0,0,0,0,0
2026-05-29,Tiruchirappalli,36.3,0.0,0,0,0,0
2026-05-29,Tiruppur,32.0,0.0,0,0,0,0
2026-05-30,Chennai,34.3,0.0,0,0,1,0
2026-05-30,Coimbatore,32.7,0.0,0,0,1,0
2026-05-30,Madurai,35.3,0.0,0,0,1,0
2026-05-30,Salem,33.1,0.0,0,0,1,0
2026-05-30,Tiruchirappalli,36.4,0.0,0,0,1,0
2026-05-30,Tiruppur,31.6,0.0,0,0,1,0
2026-05-31,Chennai,36.3,0.0,0,0,1,0
2026-05-31,Coimbatore,31.4,0.0,0,0,1,0
2026-05-31,Madurai,36.4,0.0,0,0,1,0
2026-05-31,Salem,33.0,0.0,0,0,1,0
2026-05-31,Tiruchirappalli,36.1,0.0,0,0,1,0
2026-05-31,Tiruppur,30.8,2.3,0,0,1,0
2026-06-01,Chennai,35.4,0.0,0,0,0,0
2026-06-01,Coimbatore,28.3,18.0,0,0,0,0
2026-06-01,Madurai,35.1,0.0,0,0,0,0
2026-06-01,Salem,33.8,0.0,0,0,0,0
2026-06-01,Tiruchirappalli,38.9,0.0,0,0,0,0
2026-06-01,Tiruppur,30.8,0.0,0,0,0,0
2026-06-02,Chennai,33.3,0.0,0,0,0,0
2026-06-02,Coimbatore,29.1,0.0,0,0,0,0
2026-06-02,Madurai,33.0,32.1,0,0,0,0
2026-06-02,Salem,34.0,0.0,0,0,0,0
2026-06-02,Tiruchirappalli,,0.0,0,0,0,0
2026-06-02,Tiruppur,31.1,0.0,0,0,0,0
2026-06-03,Chennai,35.5,0.0,0,0,0,0
2026-06-03,Coimbatore,30.0,0.0,0,0,0,0
2026-06-03,Madurai,33.5,0.0,0,0,0,0
2026-06-03,Salem,31.6,0.0,0,0,0,0
2026-06-03,Tiruchirappalli,35.6,0.0,0,0,0,0
2026-06-03,Tiruppur,29.7,0.0,0,0,0,0
2026-06-04,Chennai,34.1,0.0,0,0,0,0
2026-06-04,Coimbatore,,17.2,0,0,0,0
2026-06-04,Madurai,33.9,0.0,0,0,0,0
2026-06-04,Salem,31.2,0.0,0,0,0,0
2026-06-04,Tiruchirappalli,36.2,0.0,0,0,0,0
2026-06-05,Chennai,35.9,,0,0,0,1
2026-06-05,Coimbatore,27.9,0.0,0,0,0,0
2026-06-05,Madurai,34.9,0.0,0,0,0,0
2026-06-05,Salem,33.8,0.0,0,0,0,0
2026-06-05,Tiruchirappalli,35.1,0.0,0,0,0,0
2026-06-05,Tiruppur,28.4,0.0,0,0,0,1
2026-06-06,Chennai,31.5,0.0,0,0,1,0
2026-06-06,Coimbatore,29.6,0.0,0,0,1,0
2026-06-06,Madurai,34.6,0.0,0,0,1,0
2026-06-06,Salem,30.4,0.0,0,0,1,0
2026-06-06,Tiruchirappalli,33.3,0.0,0,0,1,0
2026-06-06,Tiruppur,28.8,0.0,0,0,1,0
2026-06-07,Chennai,35.8,0.0,0,0,1,0
2026-06-07,Coimbatore,29.7,0.0,0,0,1,0
2026-06-07,Madurai,34.5,0.0,0,0,1,0
2026-06-07,Salem,31.4,3.1,0,0,1,0
2026-06-07,Tiruchirappalli,34.9,0.0,0,0,1,0
2026-06-07,Tiruppur,28.6,0.0,0,0,1,0
2026-06-08,Chennai,30.1,0.0,0,0,0,0
2026-06-08,Coimbatore,32.9,0.0,0,0,0,0
2026-06-08,Madurai,34.5,0.0,0,0,0,0
2026-06-08,Salem,31.6,0.0,0,0,0,0
2026-06-08,Tiruchirappalli,36.0,0.0,0,0,0,0
2026-06-08,Tiruppur,30.5,0.0,0,0,0,0
2026-06-09,Chennai,35.2,0.0,0,0,0,0
2026-06-09,Coimbatore,30.8,7.3,0,0,0,0
2026-06-09,Madurai,32.8,0.0,0,0,0,0
2026-06-09,Salem,31.4,0.0,0,0,0,0
2026-06-09,Tiruchirappalli,32.3,0.0,0,0,0,0
2026-06-09,Tiruppur,30.5,10.3,0,0,0,0
2026-06-10,Chennai,,0.0,0,0,0,0
2026-06-10,Coimbatore,31.0,21.8,0,0,0,0
2026-06-10,Madurai,34.9,0.0,0,0,0,0
2026-06-10,Salem,32.5,0.0,0,0,0,0
2026-06-10,Tiruchirappalli,33.8,2.9,0,0,0,0
2026-06-10,Tiruppur,30.5,0.0,0,0,0,0
2026-06-11,Chennai,34.4,0.0,0,0,0,0
2026-06-11,Coimbatore,29.1,0.0,0,0,0,0
2026-06-11,Madurai,30.7,0.0,0,0,0,0
2026-06-11,Salem,33.8,0.0,0,0,0,0
2026-06-11,Tiruchirappalli,34.3,0.0,0,0,0,0
2026-06-11,Tiruppur,30.4,0.0,0,0,0,0
2026-06-12,Chennai,35.5,0.0,0,0,0,0
2026-06-12,Coimbatore,31.5,43.5,0,0,0,0
2026-06-12,Madurai,33.7,0.0,0,0,0,0
2026-06-12,Salem,32.1,0.0,0,0,0,1
2026-06-12,Tiruchirappalli,33.5,0.0,0,0,0,0
2026-06-12,Tiruppur,31.3,0.0,0,0,0,0
2026-06-13,Chennai,36.9,0.0,0,0,1,0
2026-06-13,Madurai,34.0,0.0,0,0,1,0
2026-06-13,Salem,30.6,0.0,0,0,1,0
2026-06-13,Tiruchirappalli,35.3,0.0,0,0,1,0
2026-06-13,Tiruppur,29.8,0.0,0,0,1,0
2026-06-14,Chennai,36.5,0.0,0,0,1,0
2026-06-14,Coimbatore,31.1,0.0,0,0,1,0
2026-06-14,Madurai,33.2,0.0,0,0,1,0
2026-06-14,Salem,31.2,0.0,0,0,1,0
2026-06-14,Tiruchirappalli,32.1,0.0,0,0,1,0
2026-06-14,Tiruppur,31.5,5.4,0,0,1,0
2026-06-15,Chennai,33.8,7.8,0,0,0,0
2026-06-15,Coimbatore,30.9,0.0,0,0,0,0
2026-06-15,Madurai,35.1,0.0,0,0,0,0
2026-06-15,Salem,28.5,0.0,0,0,0,1
2026-06-15,Tiruchirappalli,35.6,0.0,0,0,0,0
2026-06-15,Tiruppur,29.8,0.0,0,0,0,0
2026-06-16,Chennai,36.8,0.0,0,0,0,0
2026-06-16,Coimbatore,29.6,12.7,0,0,0,0
2026-06-16,Madurai,36.9,0.0,0,0,0,0
2026-06-16,Salem,31.9,0.0,0,0,0,0
2026-06-16,Tiruchirappalli,32.8,0.0,0,0,0,0
2026-06-16,Tiruppur,30.9,0.0,0,0,0,0
2026-06-17,Chennai,33.8,4.6,0,0,0,0
2026-06-17,Coimbatore,30.3,0.0,0,0,0,0
2026-06-17,Madurai,34.2,1.2,0,0,0,0
2026-06-17,Salem,34.5,0.0,0,0,0,0
2026-06-17,Tiruchirappalli,36.3,0.5,0,0,0,0
2026-06-17,Tiruppur,33.4,0.0,0,0,0,0
2026-06-18,Chennai,33.7,0.0,0,0,0,0
2026-06-18,Coimbatore,29.8,0.0,0,0,0,0
2026-06-18,Madurai,35.3,0.0,0,0,0,0
2026-06-18,Salem,30.8,0.0,0,0,0,0
2026-06-18,Tiruchirappalli,34.9,0.0,0,0,0,0
2026-06-18,Tiruppur,29.0,0.0,0,0,0,0
2026-06-19,Chennai,33.3,0.0,0,0,0,0
2026-06-19,Coimbatore,33.2,0.0,0,0,0,0
2026-06-19,Madurai,36.2,0.0,0,0,0,0
2026-06-19,Salem,31.9,0.0,0,0,0,0
2026-06-19,Tiruchirappalli,32.1,0.0,0,0,0,0
2026-06-19,Tiruppur,30.7,0.0,0,0,0,1
2026-06-20,Chennai,34.9,0.0,0,0,1,0
2026-06-20,Coimbatore,29.8,0.0,0,0,1,1
2026-06-20,Madurai,35.3,0.0,0,0,1,0
2026-06-20,Salem,,,0,0,1,0
2026-06-20,Tiruchirappalli,34.2,0.0,0,0,1,0
2026-06-20,Tiruppur,28.7,0.0,0,0,1,0
2026-06-21,Chennai,34.3,2.0,0,0,1,0
2026-06-21,Coimbatore,29.4,0.0,0,0,1,0
2026-06-21,Madurai,34.0,0.0,0,0,1,0
2026-06-21,Salem,31.6,0.0,0,0,1,0
2026-06-21,Tiruchirappalli,35.0,0.0,0,0,1,1
2026-06-21,Tiruppur,31.0,0.0,0,0,1,0
2026-06-22,Coimbatore,31.8,,0,0,0,0
2026-06-22,Madurai,33.6,0.0,0,0,0,0
2026-06-22,Salem,32.4,0.0,0,0,0,0
2026-06-22,Tiruchirappalli,32.2,0.0,0,0,0,0
2026-06-22,Tiruppur,27.8,,0,0,0,0
2026-06-23,Chennai,34.9,0.0,0,0,0,0
2026-06-23,Coimbatore,31.1,,0,0,0,0
2026-06-23,Madurai,34.2,0.0,0,0,0,0
2026-06-23,Salem,27.8,0.0,0,0,0,0
2026-06-23,Tiruchirappalli,36.3,2.7,0,0,0,0
2026-06-23,Tiruppur,28.3,0.0,0,0,0,0
2026-06-24,Chennai,34.0,0.0,0,0,0,0
2026-06-24,Coimbatore,29.5,0.0,0,0,0,0
2026-06-24,Madurai,34.6,0.0,0,0,0,0
2026-06-24,Salem,27.3,0.0,0,0,0,0
2026-06-24,Tiruchirappalli,34.9,0.0,0,0,0,0
2026-06-24,Tiruppur,31.1,0.0,0,0,0,0
2026-06-25,Chennai,32.6,0.0,0,0,0,0
2026-06-25,Coimbatore,28.7,0.0,0,0,0,0
2026-06-25,Madurai,36.2,0.0,0,0,0,0
2026-06-25,Salem,32.7,0.0,0,0,0,0
2026-06-25,Tiruchirappalli,33.7,0.0,0,0,0,0
2026-06-25,Tiruppur,31.9,2.2,0,0,0,0
2026-06-26,Chennai,33.2,0.0,0,1,0,0
2026-06-26,Coimbatore,32.9,,0,1,0,0
2026-06-26,Madurai,35.4,0.0,0,1,0,0
2026-06-26,Salem,32.3,0.0,0,1,0,1
2026-06-26,Tiruchirappalli,32.4,0.0,0,1,0,0
2026-06-26,Tiruppur,30.0,3.0,0,1,0,0
2026-06-27,Chennai,34.6,0.0,0,0,1,0
2026-06-27,Coimbatore,30.9,0.0,0,0,1,0
2026-06-27,Madurai,35.9,20.0,0,0,1,0
2026-06-27,Salem,32.1,0.0,0,0,1,0
2026-06-27,Tiruchirappalli,32.6,0.0,0,0,1,0
2026-06-27,Tiruppur,30.6,0.0,0,0,1,0
2026-06-28,Chennai,35.6,33.2,0,0,1,0
2026-06-28,Coimbatore,29.9,0.0,0,0,1,0
2026-06-28,Madurai,35.2,0.0,0,0,1,0
2026-06-28,Salem,30.4,0.0,0,0,1,0
2026-06-28,Tiruchirappalli,38.1,0.0,0,0,1,1
2026-06-28,Tiruppur,30.6,0.0,0,0,1,0
2026-06-29,Chennai,34.8,0.0,0,0,0,1
2026-06-29,Coimbatore,32.8,0.0,0,0,0,0
2026-06-29,Madurai,34.0,0.0,0,0,0,0
2026-06-29,Salem,29.2,1.3,0,0,0,0
2026-06-29,Tiruchirappalli,32.8,0.0,0,0,0,0
2026-06-29,Tiruppur,31.1,4.0,0,0,0,0
2026-06-30,Chennai,34.9,0.0,0,0,0,0
2026-06-30,Coimbatore,28.4,0.0,0,0,0,0
2026-06-30,Madurai,35.1,0.0,0,0,0,0
2026-06-30,Salem,29.1,0.0,0,0,0,0
2026-06-30,Tiruchirappalli,31.0,0.0,0,0,0,0
2026-06-30,Tiruppur,32.0,0.0,0,0,0,0
2026-07-01,Chennai,30.8,0.0,0,0,0,0
2026-07-01,Coimbatore,28.7,2.2,0,0,0,0
2026-07-01,Madurai,33.7,0.0,0,0,0,0
2026-07-01,Salem,27.2,23.1,0,0,0,0
2026-07-01,Tiruchirappalli,,0.0,0,0,0,0
2026-07-01,Tiruppur,28.3,0.0,0,0,0,0
2026-07-02,Chennai,32.6,0.0,0,0,0,0
2026-07-02,Coimbatore,31.1,0.0,0,0,0,0
2026-07-02,Madurai,31.9,0.0,0,0,0,0
2026-07-02,Salem,30.6,0.0,0,0,0,0
2026-07-02,Tiruchirappalli,32.8,0.0,0,0,0,0
2026-07-02,Tiruppur,29.3,0.0,0,0,0,0
2026-07-02,Tiruppur,29.3,0.0,0,0,0,0
2026-07-03,Chennai,31.3,0.0,0,0,0,0
2026-07-03,Coimbatore,28.4,0.0,0,0,0,0
2026-07-03,Madurai,36.4,0.0,0,0,0,0
2026-07-03,Salem,31.0,0.0,0,0,0,0
2026-07-03,Tiruchirappalli,,0.0,0,0,0,0
2026-07-03,Tiruppur,30.2,0.0,0,0,0,0
2026-07-04,Coimbatore,29.5,1.2,0,0,1,0
2026-07-04,Madurai,35.4,0.0,0,0,1,0
2026-07-04,Salem,28.8,0.0,0,0,1,1
2026-07-04,Tiruchirappalli,33.2,,0,0,1,0
2026-07-04,Tiruppur,30.3,0.0,0,0,1,0
2026-07-05,Chennai,31.7,0.0,0,0,1,0
2026-07-05,Coimbatore,25.9,0.0,0,0,1,0
2026-07-05,Madurai,32.8,34.4,0,0,1,0
2026-07-05,Salem,29.2,0.0,0,0,1,0
2026-07-05,Tiruchirappalli,33.9,0.0,0,0,1,0
2026-07-05,Tiruppur,31.3,0.0,0,0,1,0
2026-07-06,Chennai,31.2,0.0,0,0,0,0
2026-07-06,Coimbatore,27.2,13.9,0,0,0,0
2026-07-06,Madurai,34.4,0.0,0,0,0,0
2026-07-06,Salem,30.5,0.0,0,0,0,0
2026-07-06,Tiruchirappalli,30.9,15.8,0,0,0,0
2026-07-06,Tiruppur,27.9,5.0,0,0,0,0
2026-07-07,Chennai,30.5,31.4,0,0,0,0
2026-07-07,Coimbatore,27.0,2.7,0,0,0,0
2026-07-07,Madurai,32.8,0.0,0,0,0,0
2026-07-07,Salem,29.8,21.7,0,0,0,0
2026-07-07,Tiruchirappalli,33.1,0.0,0,0,0,0
2026-07-07,Tiruppur,31.1,0.0,0,0,0,0
2026-07-08,Chennai,34.2,0.0,0,0,0,0
2026-07-08,Coimbatore,28.3,0.0,0,0,0,0
2026-07-08,Madurai,31.5,0.0,0,0,0,0
2026-07-08,Salem,30.5,0.0,0,0,0,0
2026-07-08,Tiruchirappalli,33.1,0.0,0,0,0,0
2026-07-08,Tiruppur,29.3,0.0,0,0,0,0
2026-07-08,Tiruppur,29.3,0.0,0,0,0,0
2026-07-09,Chennai,33.8,0.0,0,0,0,0
2026-07-09,Coimbatore,,0.0,0,0,0,0
2026-07-09,Madurai,32.4,0.0,0,0,0,0
2026-07-09,Salem,29.4,0.0,0,0,0,0
2026-07-09,Tiruchirappalli,33.0,0.0,0,0,0,0
2026-07-09,Tiruppur,30.4,6.6,0,0,0,0
2026-07-10,Chennai,32.1,0.0,0,0,0,0
2026-07-10,Coimbatore,28.0,12.0,0,0,0,0
2026-07-10,Madurai,33.7,0.0,0,0,0,0
2026-07-10,Salem,29.6,0.0,0,0,0,0
2026-07-10,Tiruchirappalli,32.2,0.0,0,0,0,0
2026-07-10,Tiruppur,29.1,2.5,0,0,0,0
2026-07-11,Chennai,34.1,14.1,0,0,1,0
2026-07-11,Coimbatore,27.4,5.7,0,0,1,0
2026-07-11,Madurai,34.1,0.0,0,0,1,0
2026-07-11,Salem,27.4,0.0,0,0,1,0
2026-07-11,Tiruchirappalli,32.7,0.0,0,0,1,0
2026-07-11,Tiruppur,29.8,0.0,0,0,1,0
2026-07-12,Chennai,31.4,0.0,0,0,1,0
2026-07-12,Coimbatore,31.8,0.0,0,0,1,0
2026-07-12,Madurai,30.9,0.0,0,0,1,0
2026-07-12,Salem,30.6,0.0,0,0,1,0
2026-07-12,Tiruchirappalli,32.4,0.0,0,0,1,0
2026-07-12,Tiruppur,29.1,0.0,0,0,1,0
2026-07-13,Chennai,33.7,0.0,0,0,0,0
2026-07-13,Coimbatore,26.8,0.0,0,0,0,1
2026-07-13,Madurai,33.9,0.0,0,0,0,0
2026-07-13,Salem,31.9,0.0,0,0,0,0
2026-07-13,Tiruchirappalli,99.9,0.0,0,0,0,0
2026-07-13,Tiruppur,32.3,0.0,0,0,0,0
2026-07-14,Chennai,34.1,1.2,0,0,0,0
2026-07-14,Coimbatore,30.8,0.0,0,0,0,0
2026-07-14,Madurai,34.3,0.0,0,0,0,0
2026-07-14,Salem,31.2,0.0,0,0,0,0
2026-07-14,Tiruchirappalli,32.1,0.0,0,0,0,0
2026-07-14,Tiruppur,30.6,4.5,0,0,0,0
2026-07-15,Chennai,32.3,8.4,0,0,0,0
2026-07-15,Coimbatore,25.8,0.0,0,0,0,0
2026-07-15,Madurai,35.0,0.0,0,0,0,0
2026-07-15,Salem,30.0,0.0,0,0,0,0
2026-07-15,Tiruchirappalli,34.3,0.0,0,0,0,0
2026-07-15,Tiruppur,29.5,0.0,0,0,0,0
2026-07-16,Chennai,33.7,0.0,0,0,0,0
2026-07-16,Coimbatore,28.2,0.0,0,0,0,0
2026-07-16,Madurai,34.2,0.0,0,0,0,0
2026-07-16,Salem,30.3,0.0,0,0,0,0
2026-07-16,Tiruchirappalli,32.0,0.0,0,0,0,0
2026-07-16,Tiruppur,29.4,17.7,0,0,0,0
2026-07-17,Chennai,35.0,0.0,0,0,0,0
2026-07-17,Coimbatore,28.9,0.0,0,0,0,0
2026-07-17,Madurai,34.2,0.0,0,0,0,0
2026-07-17,Salem,31.8,0.0,0,0,0,0
2026-07-17,Tiruchirappalli,33.9,0.0,0,0,0,0
2026-07-17,Tiruppur,28.9,0.0,0,0,0,0
2026-07-18,Chennai,35.4,0.0,0,0,1,0
2026-07-18,Chennai,35.4,0.0,0,0,1,0
2026-07-18,Coimbatore,32.2,4.1,0,0,1,0
2026-07-18,Madurai,32.4,0.0,0,0,1,0
2026-07-18,Salem,29.8,0.0,0,0,1,0
2026-07-18,Tiruchirappalli,31.5,0.0,0,0,1,0
2026-07-18,Tiruppur,29.6,0.0,0,0,1,0
2026-07-19,Chennai,30.1,0.0,0,0,1,0
2026-07-19,Coimbatore,33.4,2.9,0,0,1,0
2026-07-19,Madurai,33.5,0.0,0,0,1,0
2026-07-19,Salem,31.9,11.5,0,0,1,0
2026-07-19,Tiruchirappalli,31.8,0.0,0,0,1,0
2026-07-19,Tiruppur,27.6,0.0,0,0,1,0
2026-07-20,Chennai,32.7,0.0,0,0,0,0
2026-07-20,Coimbatore,31.6,0.0,0,0,0,0
2026-07-20,Madurai,34.1,4.1,0,0,0,0
2026-07-20,Salem,29.0,0.0,0,0,0,1
2026-07-20,Tiruchirappalli,31.4,0.0,0,0,0,0
2026-07-20,Tiruppur,29.2,10.9,0,0,0,0
2026-07-21,Chennai,33.8,0.0,0,0,0,0
2026-07-21,Coimbatore,30.2,9.6,0,0,0,0
2026-07-21,Madurai,32.2,0.0,0,0,0,0
2026-07-21,Salem,30.7,0.0,0,0,0,0
2026-07-21,Tiruchirappalli,34.3,0.0,0,0,0,0
2026-07-21,Tiruppur,27.4,0.0,0,0,0,0
2026-07-22,Chennai,36.1,0.0,0,0,0,0
2026-07-22,Coimbatore,26.9,0.9,0,0,0,0
2026-07-22,Madurai,,0.0,0,0,0,0
2026-07-22,Salem,30.9,0.0,0,0,0,0
2026-07-22,Tiruchirappalli,32.3,0.0,0,0,0,0
2026-07-22,Tiruppur,29.5,0.0,0,0,0,0
2026-07-23,Chennai,32.8,0.0,0,0,0,0
2026-07-23,Coimbatore,28.2,0.0,0,0,0,0
2026-07-23,Madurai,32.5,0.0,0,0,0,0
2026-07-23,Salem,27.9,0.0,0,0,0,0
2026-07-23,Tiruchirappalli,35.6,0.0,0,0,0,0
2026-07-24,Chennai,31.1,0.0,0,0,0,0
2026-07-24,Coimbatore,29.2,0.0,0,0,0,0
2026-07-24,Madurai,33.5,0.0,0,0,0,0
2026-07-24,Salem,29.7,2.1,0,0,0,0
2026-07-24,Tiruchirappalli,31.0,,0,0,0,0
2026-07-24,Tiruppur,29.9,0.0,0,0,0,0
2026-07-25,Chennai,32.4,0.0,0,0,1,0
2026-07-25,Coimbatore,29.0,0.0,0,0,1,0
2026-07-25,Madurai,29.8,0.0,0,0,1,0
2026-07-25,Salem,30.4,0.0,0,0,1,0
2026-07-25,Tiruchirappalli,35.2,4.1,0,0,1,0
2026-07-25,Tiruppur,29.9,1.9,0,0,1,0
2026-07-26,Chennai,35.5,1.6,0,0,1,1
2026-07-26,Coimbatore,,2.6,0,0,1,0
2026-07-26,Madurai,33.1,0.0,0,0,1,0
2026-07-26,Salem,30.8,0.0,0,0,1,0
2026-07-26,Tiruchirappalli,31.5,0.0,0,0,1,0
2026-07-26,Tiruppur,27.9,0.0,0,0,1,0
2026-07-27,Chennai,31.7,0.0,0,0,0,0
2026-07-27,Coimbatore,,0.0,0,0,0,0
2026-07-27,Madurai,34.8,0.0,0,0,0,0
2026-07-27,Salem,27.6,0.0,0,0,0,0
2026-07-27,Tiruchirappalli,34.7,0.0,0,0,0,0
2026-07-27,Tiruppur,27.4,0.0,0,0,0,0
2026-07-28,Chennai,32.5,0.0,0,0,0,0
2026-07-28,Coimbatore,27.3,0.0,0,0,0,0
2026-07-28,Madurai,33.7,0.0,0,0,0,0
2026-07-28,Salem,28.7,0.0,0,0,0,0
2026-07-28,Tiruchirappalli,34.5,0.0,0,0,0,0
2026-07-28,Tiruppur,29.5,9.6,0,0,0,0
2026-07-29,Chennai,31.6,0.0,0,0,0,0
2026-07-29,Coimbatore,29.7,2.0,0,0,0,0
2026-07-29,Madurai,34.5,0.0,0,0,0,0
2026-07-29,Salem,31.5,0.0,0,0,0,0
2026-07-29,Tiruchirappalli,,0.0,0,0,0,1
2026-07-29,Tiruppur,29.9,0.0,0,0,0,0
2026-07-30,Chennai,30.4,0.0,0,0,0,0
2026-07-30,Coimbatore,27.3,0.0,0,0,0,0
2026-07-30,Madurai,34.0,0.0,0,0,0,0
2026-07-30,Salem,29.7,0.0,0,0,0,0
2026-07-30,Tiruchirappalli,32.5,0.0,0,0,0,0
2026-07-30,Tiruppur,29.4,18.3,0,0,0,0
2026-07-31,Chennai,,0.0,0,0,0,0
2026-07-31,Coimbatore,29.1,0.0,0,0,0,0
2026-07-31,Madurai,34.0,0.0,0,0,0,0
2026-07-31,Salem,30.3,0.0,0,0,0,0
2026-07-31,Tiruchirappalli,32.3,0.0,0,0,0,0
2026-07-31,Tiruppur,,3.4,0,0,0,0
2026-07-31,Tiruppur,,3.4,0,0,0,0
2026-08-01,Chennai,33.4,2.5,0,0,1,1
2026-08-01,Coimbatore,29.1,0.0,0,0,1,0
2026-08-01,Madurai,31.7,0.0,0,0,1,0
2026-08-01,Salem,31.4,0.0,0,0,1,0
2026-08-01,Tiruchirappalli,32.5,0.0,0,0,1,0
2026-08-01,Tiruppur,29.8,2.5,0,0,1,0
2026-08-02,Chennai,34.3,0.0,0,0,1,0
2026-08-02,Coimbatore,28.7,6.2,0,0,1,0
2026-08-02,Madurai,31.6,0.0,0,0,1,0
2026-08-02,Salem,29.6,0.0,0,0,1,0
2026-08-02,Tiruchirappalli,30.1,0.0,0,0,1,0
2026-08-02,Tiruppur,29.1,0.0,0,0,1,0
2026-08-03,Chennai,33.6,0.0,0,1,0,0
2026-08-03,Coimbatore,29.4,3.3,0,1,0,0
2026-08-03,Madurai,32.7,0.0,0,1,0,0
2026-08-03,Salem,27.5,0.0,0,1,0,0
2026-08-03,Tiruchirappalli,33.1,0.0,0,1,0,0
2026-08-03,Tiruppur,28.7,0.0,0,1,0,0
2026-08-04,Chennai,32.7,0.0,0,0,0,0
2026-08-04,Coimbatore,31.6,0.0,0,0,0,0
2026-08-04,Madurai,30.9,0.0,0,0,0,0
2026-08-04,Salem,29.3,0.0,0,0,0,0
2026-08-04,Tiruchirappalli,,0.0,0,0,0,0
2026-08-04,Tiruppur,27.8,0.0,0,0,0,0
2026-08-05,Chennai,34.9,0.0,0,0,0,0
2026-08-05,Coimbatore,28.5,0.0,0,0,0,0
2026-08-05,Madurai,33.6,0.0,0,0,0,0
2026-08-05,Salem,31.7,0.0,0,0,0,0
2026-08-05,Tiruchirappalli,33.3,0.0,0,0,0,0
2026-08-05,Tiruppur,29.1,0.0,0,0,0,0
2026-08-06,Chennai,32.2,0.0,0,0,0,0
2026-08-06,Coimbatore,28.5,0.0,0,0,0,0
2026-08-06,Madurai,32.8,0.0,0,0,0,0
2026-08-06,Salem,27.9,0.0,0,0,0,0
2026-08-06,Tiruchirappalli,34.4,0.0,0,0,0,0
2026-08-06,Tiruppur,28.6,0.0,0,0,0,0
2026-08-07,Chennai,34.2,13.2,0,0,0,0
2026-08-07,Coimbatore,31.6,0.0,0,0,0,0
2026-08-07,Madurai,34.7,0.0,0,0,0,1
2026-08-07,Salem,30.4,0.0,0,0,0,0
2026-08-07,Tiruchirappalli,29.8,0.0,0,0,0,0
2026-08-07,Tiruppur,29.9,0.0,0,0,0,0
2026-08-08,Chennai,33.5,0.0,0,0,1,1
2026-08-08,Coimbatore,31.6,0.0,0,0,1,0
2026-08-08,Madurai,31.4,0.0,0,0,1,0
2026-08-08,Salem,29.5,0.0,0,0,1,0
2026-08-08,Tiruchirappalli,34.0,0.0,0,0,1,0
2026-08-08,Tiruppur,30.5,0.0,0,0,1,0
2026-08-09,Chennai,29.6,0.8,0,0,1,0
2026-08-09,Coimbatore,28.6,0.0,0,0,1,0
2026-08-09,Madurai,32.9,0.0,0,0,1,0
2026-08-09,Salem,30.8,0.0,0,0,1,0
2026-08-09,Tiruchirappalli,34.3,0.0,0,0,1,0
2026-08-09,Tiruppur,27.7,1.1,0,0,1,0
2026-08-10,Chennai,99.9,0.0,0,0,0,0
2026-08-10,Coimbatore,30.5,1.9,0,0,0,0
2026-08-10,Madurai,32.7,0.0,0,0,0,0
2026-08-10,Salem,32.2,0.0,0,0,0,0
2026-08-10,Tiruchirappalli,32.7,0.0,0,0,0,0
2026-08-10,Tiruppur,28.0,0.0,0,0,0,0
2026-08-11,Chennai,34.7,3.6,0,0,0,0
2026-08-11,Coimbatore,29.1,0.0,0,0,0,0
2026-08-11,Madurai,33.3,0.0,0,0,0,0
2026-08-11,Salem,30.1,0.0,0,0,0,0
2026-08-11,Tiruchirappalli,31.3,0.0,0,0,0,0
2026-08-11,Tiruppur,27.8,0.0,0,0,0,0
2026-08-12,Chennai,34.6,0.0,0,0,0,0
2026-08-12,Coimbatore,31.7,12.4,0,0,0,0
2026-08-12,Madurai,32.1,0.0,0,0,0,0
2026-08-12,Salem,31.4,0.0,0,0,0,0
2026-08-12,Tiruchirappalli,33.1,0.0,0,0,0,0
2026-08-12,Tiruppur,27.4,38.7,0,0,0,0
2026-08-12,Tiruppur,27.4,38.7,0,0,0,0
2026-08-13,Chennai,33.8,0.0,0,0,0,0
2026-08-13,Coimbatore,27.2,0.0,0,0,0,0
2026-08-13,Madurai,32.8,0.0,0,0,0,0
2026-08-13,Salem,30.7,0.0,0,0,0,0
2026-08-13,Tiruchirappalli,35.2,0.0,0,0,0,0
2026-08-13,Tiruppur,32.3,0.0,0,0,0,0
2026-08-14,Chennai,33.0,9.6,0,0,0,1
2026-08-14,Madurai,33.2,0.0,0,0,0,0
2026-08-14,Salem,28.1,0.0,0,0,0,0
2026-08-14,Tiruchirappalli,33.0,0.0,0,0,0,0
2026-08-14,Tiruppur,27.4,0.0,0,0,0,0
2026-08-15,Chennai,32.7,0.0,1,0,1,0
2026-08-15,Coimbatore,27.9,0.0,1,0,1,1
2026-08-15,Madurai,30.7,0.0,1,0,1,0
2026-08-15,Salem,27.3,0.0,1,0,1,0
2026-08-15,Tiruchirappalli,31.0,0.0,1,0,1,0
2026-08-15,Tiruppur,27.6,25.6,1,0,1,0
2026-08-16,Chennai,34.0,0.0,0,0,1,0
2026-08-16,Coimbatore,29.5,0.0,0,0,1,0
2026-08-16,Madurai,32.1,0.0,0,0,1,0
2026-08-16,Salem,30.0,0.0,0,0,1,0
2026-08-16,Tiruchirappalli,31.3,4.6,0,0,1,0
2026-08-16,Tiruppur,27.6,8.7,0,0,1,0
2026-08-17,Chennai,32.9,0.0,0,0,0,0
2026-08-17,Coimbatore,25.6,0.0,0,0,0,0
2026-08-17,Madurai,33.3,0.0,0,0,0,0
2026-08-17,Salem,29.8,,0,0,0,0
2026-08-17,Tiruppur,26.9,0.0,0,0,0,0
2026-08-18,Chennai,30.8,0.0,0,0,0,0
2026-08-18,Coimbatore,29.6,0.0,0,0,0,0
2026-08-18,Madurai,32.9,3.1,0,0,0,0
2026-08-18,Salem,32.6,0.0,0,0,0,0
2026-08-18,Tiruchirappalli,33.7,0.0,0,0,0,1
2026-08-18,Tiruppur,28.1,0.0,0,0,0,0
2026-08-19,Chennai,33.4,0.0,0,0,0,0
2026-08-19,Coimbatore,28.1,4.4,0,0,0,0
2026-08-19,Madurai,33.9,1.8,0,0,0,0
2026-08-19,Salem,30.2,0.0,0,0,0,0
2026-08-19,Tiruchirappalli,34.6,0.0,0,0,0,0
2026-08-19,Tiruppur,28.9,0.0,0,0,0,0
2026-08-20,Chennai,31.3,0.0,0,0,0,0
2026-08-20,Coimbatore,29.6,0.0,0,0,0,0
2026-08-20,Madurai,34.1,0.0,0,0,0,0
2026-08-20,Salem,28.8,0.0,0,0,0,0
2026-08-20,Tiruchirappalli,34.0,0.0,0,0,0,0
2026-08-20,Tiruppur,28.9,0.0,0,0,0,0
2026-08-21,Chennai,33.8,0.0,0,1,0,0
2026-08-21,Coimbatore,30.2,0.0,0,1,0,0
2026-08-21,Madurai,35.0,0.0,0,1,0,0
2026-08-21,Salem,30.5,0.0,0,1,0,0
2026-08-21,Tiruchirappalli,34.5,0.0,0,1,0,1
2026-08-21,Tiruppur,30.6,0.0,0,1,0,0
2026-08-22,Chennai,33.2,0.0,0,0,1,1
2026-08-22,Coimbatore,29.4,3.9,0,0,1,0
2026-08-22,Madurai,32.6,0.0,0,0,1,0
2026-08-22,Salem,30.0,0.0,0,0,1,0
2026-08-22,Tiruchirappalli,32.7,0.0,0,0,1,0
2026-08-22,Tiruppur,29.4,0.0,0,0,1,0
2026-08-23,Chennai,30.6,0.0,0,0,1,0
2026-08-23,Coimbatore,,24.9,0,0,1,0
2026-08-23,Madurai,33.2,0.0,0,0,1,0
2026-08-23,Salem,29.5,0.0,0,0,1,0
2026-08-23,Tiruchirappalli,33.4,0.0,0,0,1,0
2026-08-23,Tiruppur,25.4,9.8,0,0,1,0
2026-08-24,Chennai,34.8,0.0,0,0,0,0
2026-08-24,Coimbatore,,0.0,0,0,0,0
2026-08-24,Madurai,32.5,0.0,0,0,0,0
2026-08-24,Salem,28.3,0.0,0,0,0,0
2026-08-24,Tiruchirappalli,32.1,0.0,0,0,0,0
2026-08-24,Tiruppur,29.7,0.5,0,0,0,0
2026-08-25,Chennai,33.1,0.0,0,0,0,0
2026-08-25,Coimbatore,27.8,0.0,0,0,0,0
2026-08-25,Madurai,34.0,0.0,0,1,0,0
2026-08-25,Salem,29.2,0.0,0,0,0,0
2026-08-25,Tiruchirappalli,30.3,0.0,0,0,0,0
2026-08-25,Tiruppur,26.2,0.0,0,0,0,1
2026-08-26,Chennai,33.8,0.0,0,1,0,0
2026-08-26,Coimbatore,29.0,0.0,0,1,0,0
2026-08-26,Madurai,32.7,0.0,0,1,0,0
2026-08-26,Salem,30.5,,0,1,0,0
2026-08-26,Tiruchirappalli,35.1,0.0,0,1,0,0
2026-08-26,Tiruppur,27.4,0.0,0,1,0,0
2026-08-27,Chennai,33.0,0.0,0,0,0,0
2026-08-27,Coimbatore,30.3,8.7,0,0,0,0
2026-08-27,Madurai,32.9,0.0,0,0,0,0
2026-08-27,Salem,26.8,0.0,0,0,0,0
2026-08-27,Tiruchirappalli,35.1,0.0,0,0,0,1
2026-08-27,Tiruppur,29.2,0.0,0,0,0,0
2026-08-28,Chennai,36.1,0.0,0,0,0,0
2026-08-28,Coimbatore,26.0,0.0,0,0,0,0
2026-08-28,Madurai,31.7,0.0,0,0,0,0
2026-08-28,Salem,30.2,0.0,0,0,0,0
2026-08-28,Tiruchirappalli,30.0,0.0,0,0,0,0
2026-08-28,Tiruppur,31.8,0.0,0,0,0,0
2026-08-29,Chennai,31.6,0.0,0,0,1,0
2026-08-29,Coimbatore,29.2,0.0,0,0,1,0
2026-08-29,Madurai,35.1,0.0,0,0,1,0
2026-08-29,Salem,31.3,0.0,0,0,1,0
2026-08-29,Tiruchirappalli,33.3,0.0,0,0,1,0
2026-08-29,Tiruppur,30.9,0.0,0,0,1,0
2026-08-30,Chennai,33.7,0.0,0,0,1,0
2026-08-30,Coimbatore,27.1,0.0,0,0,1,0
2026-08-30,Salem,30.3,0.0,0,0,1,0
2026-08-30,Tiruchirappalli,34.5,0.0,0,0,1,0
2026-08-30,Tiruppur,29.4,0.0,0,0,1,0
2026-08-31,Chennai,34.1,0.1,0,0,0,0
2026-08-31,Coimbatore,29.7,0.0,0,0,0,0
2026-08-31,Madurai,33.0,0.0,0,0,0,0
2026-08-31,Salem,29.5,0.0,0,0,0,0
2026-08-31,Tiruchirappalli,29.8,6.7,0,0,0,0
2026-08-31,Tiruppur,30.0,0.0,0,0,0,0
